time theta u w c-inband-real c-inband-imaginary c-outofband-real c-outofband-imaginary d-inband-real d-inband-imaginary d-outofband-real d-outofband-imaginary q-inband-real q-inband-imaginary q-outofband-reak q-outofband-imaginary
0.000 0.000 -0.866 1.000 1.000 0.000 1.000 0.000 -0.866 0.000 -0.866 0.000 -0.881 0.500 -0.015 0.000
0.001 0.188 -0.944 0.999 0.982 -0.187 0.930 -0.368 -0.927 0.177 -0.877 0.347 -0.881 0.500 -0.015 0.000
0.002 0.377 -0.989 0.996 0.930 -0.368 0.729 -0.685 -0.916 0.363 -0.718 0.675 -0.881 0.500 -0.015 0.000
0.003 0.565 -0.999 0.991 0.844 -0.536 0.426 -0.905 -0.836 0.531 -0.422 0.896 -0.881 0.500 -0.015 0.000
0.004 0.754 -0.974 0.984 0.729 -0.684 0.063 -0.998 -0.699 0.656 -0.060 0.956 -0.881 0.500 -0.015 0.000
0.005 0.942 -0.914 0.976 0.588 -0.809 -0.309 -0.951 -0.524 0.721 0.275 0.848 -0.881 0.500 -0.015 0.000
0.006 1.131 -0.821 0.965 0.426 -0.905 -0.637 -0.771 -0.338 0.717 0.505 0.611 -0.881 0.500 -0.015 0.000
0.007 1.319 -0.700 0.953 0.249 -0.968 -0.876 -0.482 -0.166 0.646 0.584 0.322 -0.881 0.500 -0.015 0.000
0.008 1.507 -0.554 0.939 0.063 -0.998 -0.992 -0.127 -0.033 0.519 0.516 0.066 -0.881 0.500 -0.015 0.000
0.009 1.696 -0.388 0.923 -0.124 -0.992 -0.969 0.247 0.045 0.356 0.347 -0.089 -0.881 0.500 -0.015 0.000
0.010 1.884 -0.209 0.906 -0.308 -0.951 -0.810 0.586 0.058 0.180 0.154 -0.111 -0.881 0.500 -0.015 0.000
0.011 2.072 -0.023 0.887 -0.480 -0.877 -0.539 0.843 0.010 0.018 0.011 -0.017 -0.881 0.500 -0.015 0.000
0.012 2.260 0.165 0.867 -0.636 -0.772 -0.192 0.981 -0.091 -0.110 -0.027 0.140 -0.881 0.500 -0.015 0.000
0.013 2.448 0.346 0.846 -0.769 -0.640 0.182 0.983 -0.225 -0.187 0.053 0.288 -0.881 0.500 -0.015 0.000
0.014 2.636 0.515 0.824 -0.875 -0.485 0.530 0.848 -0.371 -0.206 0.225 0.360 -0.881 0.500 -0.015 0.000
0.015 2.823 0.666 0.801 -0.950 -0.313 0.804 0.595 -0.507 -0.167 0.429 0.317 -0.881 0.500 -0.015 0.000
0.016 3.011 0.793 0.777 -0.991 -0.130 0.966 0.259 -0.611 -0.080 0.595 0.159 -0.881 0.500 -0.015 0.000
0.017 3.198 0.893 0.752 -0.998 0.057 0.994 -0.113 -0.670 0.038 0.667 -0.076 -0.881 0.500 -0.015 0.000
0.018 3.386 0.961 0.726 -0.970 0.242 0.883 -0.469 -0.677 0.169 0.616 -0.327 -0.881 0.500 -0.015 0.000
0.019 3.573 0.996 0.700 -0.908 0.418 0.650 -0.760 -0.633 0.291 0.453 -0.530 -0.881 0.500 -0.015 0.000
0.020 3.760 0.996 0.674 -0.815 0.580 0.328 -0.945 -0.546 0.389 0.220 -0.634 -0.881 0.500 -0.015 0.000
0.021 3.947 0.961 0.647 -0.693 0.721 -0.040 -0.999 -0.431 0.448 -0.025 -0.621 -0.881 0.500 -0.015 0.000
0.022 4.134 0.892 0.620 -0.547 0.837 -0.402 -0.916 -0.303 0.463 -0.222 -0.507 -0.881 0.500 -0.015 0.000
0.023 4.320 0.793 0.593 -0.382 0.924 -0.708 -0.706 -0.180 0.435 -0.333 -0.332 -0.881 0.500 -0.015 0.000
0.024 4.507 0.666 0.566 -0.204 0.979 -0.917 -0.400 -0.077 0.369 -0.346 -0.151 -0.881 0.500 -0.015 0.000
0.025 4.693 0.517 0.539 -0.019 1.000 -0.999 -0.039 -0.005 0.279 -0.278 -0.011 -0.881 0.500 -0.015 0.000
0.026 4.879 0.349 0.513 0.166 0.986 -0.945 0.327 0.030 0.177 -0.169 0.059 -0.881 0.500 -0.015 0.000
0.027 5.065 0.170 0.487 0.345 0.938 -0.761 0.648 0.029 0.078 -0.063 0.054 -0.881 0.500 -0.015 0.000
0.028 5.251 -0.015 0.461 0.513 0.859 -0.474 0.880 -0.003 -0.006 0.003 -0.006 -0.881 0.500 -0.015 0.000
0.029 5.436 -0.199 0.436 0.662 0.749 -0.123 0.992 -0.057 -0.065 0.011 -0.086 -0.881 0.500 -0.015 0.000
0.030 5.621 -0.376 0.411 0.789 0.614 0.245 0.970 -0.122 -0.095 -0.038 -0.150 -0.881 0.500 -0.015 0.000
0.031 5.806 -0.540 0.387 0.889 0.459 0.579 0.815 -0.186 -0.096 -0.121 -0.170 -0.881 0.500 -0.015 0.000
0.032 5.991 -0.686 0.364 0.958 0.288 0.834 0.551 -0.239 -0.072 -0.208 -0.137 -0.881 0.500 -0.015 0.000
0.033 6.176 -0.807 0.341 0.994 0.107 0.977 0.213 -0.274 -0.030 -0.269 -0.059 -0.881 0.500 -0.015 0.000
0.034 6.360 -0.902 0.319 0.997 -0.077 0.988 -0.153 -0.287 0.022 -0.285 0.044 -0.881 0.500 -0.015 0.000
0.035 6.544 -0.966 0.298 0.966 -0.258 0.867 -0.499 -0.278 0.074 -0.250 0.144 -0.881 0.500 -0.015 0.000
0.036 6.728 -0.997 0.278 0.903 -0.430 0.630 -0.777 -0.250 0.119 -0.174 0.215 -0.881 0.500 -0.015 0.000
0.037 6.912 -0.995 0.259 0.809 -0.588 0.309 -0.951 -0.208 0.151 -0.079 0.245 -0.881 0.500 -0.015 0.000
0.038 7.095 -0.959 0.240 0.688 -0.726 -0.053 -0.999 -0.159 0.167 0.012 0.230 -0.881 0.500 -0.015 0.000
0.039 7.278 -0.891 0.223 0.545 -0.839 -0.407 -0.914 -0.108 0.166 0.081 0.181 -0.881 0.500 -0.015 0.000
0.040 7.461 -0.794 0.206 0.383 -0.924 -0.706 -0.708 -0.063 0.151 0.115 0.116 -0.881 0.500 -0.015 0.000
0.041 7.643 -0.670 0.190 0.209 -0.978 -0.912 -0.409 -0.027 0.125 0.116 0.052 -0.881 0.500 -0.015 0.000
0.042 7.825 -0.525 0.175 0.029 -1.000 -0.998 -0.057 -0.003 0.092 0.092 0.005 -0.881 0.500 -0.015 0.000
0.043 8.007 -0.362 0.161 -0.152 -0.988 -0.953 0.301 0.009 0.058 0.056 -0.018 -0.881 0.500 -0.015 0.000
0.044 8.189 -0.188 0.148 -0.328 -0.945 -0.784 0.620 0.009 0.026 0.022 -0.017 -0.881 0.500 -0.015 0.000
0.045 8.370 -0.008 0.135 -0.493 -0.870 -0.514 0.858 0.001 0.001 0.001 -0.001 -0.881 0.500 -0.015 0.000
0.046 8.551 0.172 0.124 -0.642 -0.767 -0.177 0.984 -0.014 -0.016 -0.004 0.021 -0.881 0.500 -0.015 0.000
0.047 8.731 0.346 0.113 -0.769 -0.639 0.182 0.983 -0.030 -0.025 0.007 0.038 -0.881 0.500 -0.015 0.000
0.048 8.911 0.509 0.103 -0.871 -0.491 0.517 0.856 -0.046 -0.026 0.027 0.045 -0.881 0.500 -0.015 0.000
0.049 9.091 0.654 0.093 -0.945 -0.328 0.785 0.619 -0.058 -0.020 0.048 0.038 -0.881 0.500 -0.015 0.000
0.050 9.271 0.779 0.085 -0.988 -0.154 0.953 0.304 -0.065 -0.010 0.063 0.020 -0.881 0.500 -0.015 0.000
0.051 9.450 0.878 0.077 -1.000 0.025 0.999 -0.050 -0.067 0.002 0.067 -0.003 -0.881 0.500 -0.015 0.000
0.052 9.628 0.949 0.069 -0.979 0.202 0.918 -0.396 -0.064 0.013 0.060 -0.026 -0.881 0.500 -0.015 0.000
0.053 9.807 0.990 0.062 -0.928 0.373 0.722 -0.692 -0.057 0.023 0.045 -0.043 -0.881 0.500 -0.015 0.000
0.054 9.985 0.999 0.056 -0.847 0.531 0.436 -0.900 -0.048 0.030 0.024 -0.050 -0.881 0.500 -0.015 0.000
0.055 10.162 0.977 0.050 -0.740 0.672 0.096 -0.995 -0.036 0.033 0.005 -0.049 -0.881 0.500 -0.015 0.000
0.056 10.339 0.925 0.045 -0.610 0.792 -0.255 -0.967 -0.025 0.033 -0.011 -0.040 -0.881 0.500 -0.015 0.000
0.057 10.516 0.843 0.040 -0.461 0.887 -0.574 -0.819 -0.016 0.030 -0.020 -0.028 -0.881 0.500 -0.015 0.000
0.058 10.692 0.736 0.036 -0.299 0.954 -0.822 -0.570 -0.008 0.025 -0.022 -0.015 -0.881 0.500 -0.015 0.000
0.059 10.868 0.606 0.032 -0.127 0.992 -0.968 -0.252 -0.002 0.019 -0.019 -0.005 -0.881 0.500 -0.015 0.000
0.060 11.044 0.458 0.029 0.048 0.999 -0.995 0.096 0.001 0.013 -0.013 0.001 -0.881 0.500 -0.015 0.000
0.061 11.219 0.296 0.025 0.221 0.975 -0.902 0.432 0.002 0.007 -0.007 0.003 -0.881 0.500 -0.015 0.000
0.062 11.393 0.125 0.022 0.387 0.922 -0.700 0.714 0.001 0.003 -0.002 0.002 -0.881 0.500 -0.015 0.000
0.063 11.568 -0.048 0.020 0.541 0.841 -0.414 0.910 -0.001 -0.001 0.000 -0.001 -0.881 0.500 -0.015 0.000
0.064 11.741 -0.220 0.018 0.678 0.735 -0.079 0.997 -0.003 -0.003 0.000 -0.004 -0.881 0.500 -0.015 0.000
0.065 11.914 -0.385 0.015 0.795 0.607 0.264 0.965 -0.005 -0.004 -0.002 -0.006 -0.881 0.500 -0.015 0.000
0.066 12.087 -0.538 0.014 0.887 0.461 0.575 0.818 -0.006 -0.003 -0.004 -0.006 -0.881 0.500 -0.015 0.000
0.067 12.259 -0.675 0.012 0.953 0.302 0.817 0.576 -0.008 -0.002 -0.007 -0.005 -0.881 0.500 -0.015 0.000
0.068 12.431 -0.791 0.010 0.991 0.135 0.964 0.267 -0.008 -0.001 -0.008 -0.002 -0.881 0.500 -0.015 0.000
0.069 12.603 -0.884 0.009 0.999 -0.036 0.997 -0.072 -0.008 0.000 -0.008 0.001 -0.881 0.500 -0.015 0.000
0.070 12.773 -0.950 0.008 0.979 -0.206 0.916 -0.402 -0.007 0.002 -0.007 0.003 -0.881 0.500 -0.015 0.000
0.071 12.944 -0.989 0.007 0.930 -0.368 0.729 -0.685 -0.006 0.003 -0.005 0.005 -0.881 0.500 -0.015 0.000
0.072 13.113 -1.000 0.006 0.854 -0.520 0.459 -0.889 -0.005 0.003 -0.003 0.005 -0.881 0.500 -0.015 0.000
0.073 13.283 -0.981 0.005 0.754 -0.657 0.138 -0.990 -0.004 0.003 -0.001 0.005 -0.881 0.500 -0.015 0.000
0.074 13.451 -0.935 0.004 0.633 -0.774 -0.198 -0.980 -0.003 0.003 0.001 0.004 -0.881 0.500 -0.015 0.000
0.075 13.620 -0.863 0.004 0.495 -0.869 -0.511 -0.860 -0.002 0.003 0.002 0.003 -0.881 0.500 -0.015 0.000
0.076 13.787 -0.766 0.003 0.343 -0.939 -0.765 -0.644 -0.001 0.002 0.002 0.002 -0.881 0.500 -0.015 0.000
0.077 13.955 -0.649 0.003 0.182 -0.983 -0.934 -0.357 -0.000 0.002 0.002 0.001 -0.881 0.500 -0.015 0.000
0.078 14.121 -0.514 0.002 0.016 -1.000 -0.999 -0.032 -0.000 0.001 0.001 0.000 -0.881 0.500 -0.015 0.000
0.079 14.287 -0.365 0.002 -0.149 -0.989 -0.955 0.295 0.000 0.001 0.001 -0.000 -0.881 0.500 -0.015 0.000
0.080 14.453 -0.207 0.002 -0.310 -0.951 -0.808 0.590 0.000 0.000 0.000 -0.000 -0.881 0.500 -0.015 0.000
0.081 14.618 -0.043 0.002 -0.462 -0.887 -0.573 0.820 0.000 0.000 0.000 -0.000 -0.881 0.500 -0.015 0.000
0.082 14.782 0.121 0.001 -0.601 -0.799 -0.278 0.961 -0.000 -0.000 -0.000 0.000 -0.881 0.500 -0.015 0.000
0.083 14.946 0.281 0.001 -0.723 -0.691 0.046 0.999 -0.000 -0.000 0.000 0.000 -0.881 0.500 -0.015 0.000
0.084 15.109 0.433 0.001 -0.826 -0.564 0.364 0.932 -0.000 -0.000 0.000 0.000 -0.881 0.500 -0.015 0.000
0.085 15.271 0.573 0.001 -0.906 -0.423 0.642 0.767 -0.000 -0.000 0.000 0.000 -0.881 0.500 -0.015 0.000
0.086 15.433 0.698 0.001 -0.962 -0.271 0.853 0.522 -0.000 -0.000 0.000 0.000 -0.881 0.500 -0.015 0.000
0.087 15.595 0.804 0.001 -0.994 -0.113 0.974 0.225 -0.000 -0.000 0.000 0.000 -0.881 0.500 -0.015 0.000
0.088 15.755 0.889 0.000 -0.999 0.047 0.996 -0.094 -0.000 0.000 0.000 -0.000 -0.881 0.500 -0.015 0.000
0.089 15.915 0.950 0.000 -0.979 0.206 0.915 -0.403 -0.000 0.000 0.000 -0.000 -0.881 0.500 -0.015 0.000
0.090 16.075 0.988 0.000 -0.933 0.359 0.743 -0.670 -0.000 0.000 0.000 -0.000 -0.881 0.500 -0.015 0.000
0.091 16.234 1.000 0.000 -0.865 0.502 0.496 -0.868 -0.000 0.000 0.000 -0.000 -0.881 0.500 -0.015 0.000
0.092 16.392 0.987 0.000 -0.775 0.632 0.202 -0.979 -0.000 0.000 0.000 -0.000 -0.881 0.500 -0.015 0.000
0.093 16.549 0.950 0.000 -0.666 0.746 -0.112 -0.994 -0.000 0.000 -0.000 -0.000 -0.881 0.500 -0.015 0.000
0.094 16.706 0.889 0.000 -0.542 0.841 -0.413 -0.911 -0.000 0.000 -0.000 -0.000 -0.881 0.500 -0.015 0.000
0.095 16.863 0.807 0.000 -0.404 0.915 -0.673 -0.740 -0.000 0.000 -0.000 -0.000 -0.881 0.500 -0.015 0.000
0.096 17.018 0.706 0.000 -0.258 0.966 -0.867 -0.498 -0.000 0.000 -0.000 -0.000 -0.881 0.500 -0.015 0.000
0.097 17.173 0.589 0.000 -0.106 0.994 -0.978 -0.210 -0.000 0.000 -0.000 -0.000 -0.881 0.500 -0.015 0.000
0.098 17.327 0.457 0.000 0.048 0.999 -0.995 0.097 0.000 0.000 -0.000 0.000 -0.881 0.500 -0.015 0.000
0.099 17.481 0.316 0.000 0.201 0.980 -0.920 0.393 0.000 0.000 -0.000 0.000 -0.881 0.500 -0.015 0.000
0.100 17.634 0.168 0.000 0.347 0.938 -0.759 0.652 0.000 0.000 -0.000 0.000 -0.881 0.500 -0.015 0.000
0.101 17.786 0.017 0.000 0.486 0.874 -0.529 0.849 0.000 0.000 -0.000 0.000 -0.881 0.500 -0.015 0.000
0.102 17.937 -0.134 0.000 0.612 0.791 -0.251 0.968 -0.000 -0.000 0.000 -0.000 -0.881 0.500 -0.015 0.000
0.103 18.088 -0.282 0.000 0.724 0.690 0.047 0.999 -0.000 -0.000 -0.000 -0.000 -0.881 0.500 -0.015 0.000
0.104 18.238 -0.422 0.000 0.819 0.574 0.341 0.940 -0.000 -0.000 -0.000 -0.000 -0.881 0.500 -0.015 0.000
0.105 18.387 -0.552 0.000 0.895 0.446 0.602 0.798 -0.000 -0.000 -0.000 -0.000 -0.881 0.500 -0.015 0.000
0.106 18.536 -0.669 0.000 0.951 0.309 0.809 0.587 -0.000 -0.000 -0.000 -0.000 -0.881 0.500 -0.015 0.000
0.107 18.684 -0.772 0.000 0.986 0.165 0.945 0.326 -0.000 -0.000 -0.000 -0.000 -0.881 0.500 -0.015 0.000
0.108 18.831 -0.856 0.000 1.000 0.019 0.999 0.038 -0.000 -0.000 -0.000 -0.000 -0.881 0.500 -0.015 0.000
0.109 18.977 -0.923 0.000 0.992 -0.127 0.968 -0.252 -0.000 0.000 -0.000 0.000 -0.881 0.500 -0.015 0.000
0.110 19.123 -0.969 0.000 0.963 -0.270 0.854 -0.520 -0.000 0.000 -0.000 0.000 -0.881 0.500 -0.015 0.000
0.111 19.268 -0.994 0.000 0.914 -0.406 0.670 -0.742 -0.000 0.000 -0.000 0.000 -0.881 0.500 -0.015 0.000
0.112 19.412 -0.999 0.000 0.846 -0.533 0.432 -0.902 -0.000 0.000 -0.000 0.000 -0.881 0.500 -0.015 0.000
0.113 19.555 -0.984 0.000 0.761 -0.648 0.159 -0.987 -0.000 0.000 -0.000 0.000 -0.881 0.500 -0.015 0.000
0.114 19.698 -0.948 0.000 0.661 -0.750 -0.125 -0.992 -0.000 0.000 0.000 0.000 -0.881 0.500 -0.015 0.000
0.115 19.839 -0.893 0.000 0.549 -0.836 -0.398 -0.918 -0.000 0.000 0.000 0.000 -0.881 0.500 -0.015 0.000
0.116 19.980 -0.821 0.000 0.426 -0.905 -0.637 -0.771 -0.000 0.000 0.000 0.000 -0.881 0.500 -0.015 0.000
0.117 20.121 -0.733 0.000 0.295 -0.955 -0.826 -0.564 -0.000 0.000 0.000 0.000 -0.881 0.500 -0.015 0.000
0.118 20.260 -0.632 0.000 0.160 -0.987 -0.949 -0.315 -0.000 0.000 0.000 0.000 -0.881 0.500 -0.015 0.000
0.119 20.399 -0.519 0.000 0.022 -1.000 -0.999 -0.043 -0.000 0.000 0.000 0.000 -0.881 0.500 -0.015 0.000
0.120 20.536 -0.396 0.000 -0.116 -0.993 -0.973 0.230 0.000 0.000 0.000 -0.000 -0.881 0.500 -0.015 0.000
0.121 20.673 -0.267 0.000 -0.250 -0.968 -0.875 0.485 0.000 0.000 0.000 -0.000 -0.881 0.500 -0.015 0.000
0.122 20.810 -0.134 0.000 -0.379 -0.925 -0.712 0.702 0.000 0.000 0.000 -0.000 -0.881 0.500 -0.015 0.000
0.123 20.945 0.001 0.000 -0.501 -0.866 -0.498 0.867 -0.000 -0.000 -0.000 0.000 -0.881 0.500 -0.015 0.000
0.124 21.079 0.135 0.000 -0.612 -0.791 -0.250 0.968 -0.000 -0.000 -0.000 0.000 -0.881 0.500 -0.015 0.000
0.125 21.213 0.266 0.000 -0.712 -0.702 0.015 1.000 -0.000 -0.000 0.000 0.000 -0.881 0.500 -0.015 0.000
0.126 21.346 0.391 0.000 -0.799 -0.601 0.277 0.961 -0.000 -0.000 0.000 0.000 -0.881 0.500 -0.015 0.000
0.127 21.478 0.509 0.000 -0.871 -0.491 0.518 0.855 -0.000 -0.000 0.000 0.000 -0.881 0.500 -0.015 0.000
0.128 21.609 0.617 0.000 -0.928 -0.373 0.722 0.692 -0.000 -0.000 0.000 0.000 -0.881 0.500 -0.015 0.000
0.129 21.740 0.714 0.000 -0.969 -0.249 0.876 0.482 -0.000 -0.000 0.000 0.000 -0.881 0.500 -0.015 0.000
0.130 21.869 0.799 0.000 -0.993 -0.122 0.970 0.242 -0.000 -0.000 0.000 0.000 -0.881 0.500 -0.015 0.000
0.131 21.998 0.869 0.000 -1.000 0.007 1.000 -0.013 -0.000 0.000 0.000 -0.000 -0.881 0.500 -0.015 0.000
0.132 22.125 0.925 0.000 -0.991 0.134 0.964 -0.265 -0.000 0.000 0.000 -0.000 -0.881 0.500 -0.015 0.000
0.133 22.252 0.966 0.000 -0.966 0.258 0.867 -0.499 -0.000 0.000 0.000 -0.000 -0.881 0.500 -0.015 0.000
0.134 22.378 0.991 0.000 -0.926 0.377 0.715 -0.699 -0.000 0.000 0.000 -0.000 -0.881 0.500 -0.015 0.000
0.135 22.503 1.000 0.000 -0.872 0.490 0.520 -0.854 -0.000 0.000 0.000 -0.000 -0.881 0.500 -0.015 0.000
0.136 22.628 0.994 0.000 -0.804 0.594 0.294 -0.956 -0.000 0.000 0.000 -0.000 -0.881 0.500 -0.015 0.000
0.137 22.751 0.972 0.000 -0.725 0.689 0.051 -0.999 -0.000 0.000 0.000 -0.000 -0.881 0.500 -0.015 0.000
0.138 22.873 0.936 0.000 -0.636 0.772 -0.192 -0.981 -0.000 0.000 -0.000 -0.000 -0.881 0.500 -0.015 0.000
0.139 22.995 0.887 0.000 -0.537 0.843 -0.423 -0.906 -0.000 0.000 -0.000 -0.000 -0.881 0.500 -0.015 0.000
0.140 23.115 0.825 0.000 -0.432 0.902 -0.627 -0.779 -0.000 0.000 -0.000 -0.000 -0.881 0.500 -0.015 0.000
0.141 23.235 0.752 0.000 -0.321 0.947 -0.794 -0.608 -0.000 0.000 -0.000 -0.000 -0.881 0.500 -0.015 0.000
0.142 23.354 0.668 0.000 -0.207 0.978 -0.915 -0.404 -0.000 0.000 -0.000 -0.000 -0.881 0.500 -0.015 0.000
0.143 23.472 0.576 0.000 -0.090 0.996 -0.984 -0.179 -0.000 0.000 -0.000 -0.000 -0.881 0.500 -0.015 0.000
0.144 23.589 0.477 0.000 0.027 1.000 -0.999 0.053 0.000 0.000 -0.000 0.000 -0.881 0.500 -0.015 0.000
0.145 23.705 0.372 0.000 0.142 0.990 -0.960 0.282 0.000 0.000 -0.000 0.000 -0.881 0.500 -0.015 0.000
0.146 23.820 0.263 0.000 0.255 0.967 -0.870 0.493 0.000 0.000 -0.000 0.000 -0.881 0.500 -0.015 0.000
0.147 23.934 0.151 0.000 0.363 0.932 -0.736 0.677 0.000 0.000 -0.000 0.000 -0.881 0.500 -0.015 0.000
0.148 24.047 0.039 0.000 0.466 0.885 -0.565 0.825 0.000 0.000 -0.000 0.000 -0.881 0.500 -0.015 0.000
0.149 24.159 -0.074 0.000 0.562 0.827 -0.367 0.930 -0.000 -0.000 0.000 -0.000 -0.881 0.500 -0.015 0.000
0.150 24.271 -0.184 0.000 0.651 0.759 -0.153 0.988 -0.000 -0.000 0.000 -0.000 -0.881 0.500 -0.015 0.000
0.151 24.381 -0.291 0.000 0.730 0.683 0.067 0.998 -0.000 -0.000 -0.000 -0.000 -0.881 0.500 -0.015 0.000
0.152 24.490 -0.394 0.000 0.801 0.599 0.282 0.959 -0.000 -0.000 -0.000 -0.000 -0.881 0.500 -0.015 0.000
0.153 24.599 -0.491 0.000 0.861 0.509 0.482 0.876 -0.000 -0.000 -0.000 -0.000 -0.881 0.500 -0.015 0.000
0.154 24.706 -0.581 0.000 0.910 0.414 0.657 0.754 -0.000 -0.000 -0.000 -0.000 -0.881 0.500 -0.015 0.000
0.155 24.812 -0.665 0.000 0.949 0.315 0.802 0.598 -0.000 -0.000 -0.000 -0.000 -0.881 0.500 -0.015 0.000
0.156 24.918 -0.740 0.000 0.977 0.213 0.909 0.417 -0.000 -0.000 -0.000 -0.000 -0.881 0.500 -0.015 0.000
0.157 25.022 -0.806 0.000 0.994 0.110 0.976 0.219 -0.000 -0.000 -0.000 -0.000 -0.881 0.500 -0.015 0.000
0.158 25.126 -0.863 0.000 1.000 0.007 1.000 0.014 -0.000 -0.000 -0.000 -0.000 -0.881 0.500 -0.015 0.000
0.159 25.228 -0.910 0.000 0.995 -0.095 0.982 -0.190 -0.000 0.000 -0.000 0.000 -0.881 0.500 -0.015 0.000
0.160 25.330 -0.947 0.000 0.981 -0.196 0.923 -0.384 -0.000 0.000 -0.000 0.000 -0.881 0.500 -0.015 0.000
0.161 25.430 -0.975 0.000 0.956 -0.293 0.828 -0.561 -0.000 0.000 -0.000 0.000 -0.881 0.500 -0.015 0.000
0.162 25.530 -0.992 0.000 0.922 -0.387 0.701 -0.713 -0.000 0.000 -0.000 0.000 -0.881 0.500 -0.015 0.000
0.163 25.628 -1.000 0.000 0.880 -0.476 0.548 -0.837 -0.000 0.000 -0.000 0.000 -0.881 0.500 -0.015 0.000
0.164 25.726 -0.998 0.000 0.829 -0.559 0.375 -0.927 -0.000 0.000 -0.000 0.000 -0.881 0.500 -0.015 0.000
0.165 25.822 -0.986 0.000 0.772 -0.636 0.191 -0.982 -0.000 0.000 -0.000 0.000 -0.881 0.500 -0.015 0.000
0.166 25.918 -0.966 0.000 0.707 -0.707 0.001 -1.000 -0.000 0.000 -0.000 0.000 -0.881 0.500 -0.015 0.000
0.167 26.012 -0.937 0.000 0.638 -0.770 -0.187 -0.982 -0.000 0.000 0.000 0.000 -0.881 0.500 -0.015 0.000
0.168 26.106 -0.901 0.000 0.563 -0.826 -0.366 -0.931 -0.000 0.000 0.000 0.000 -0.881 0.500 -0.015 0.000
0.169 26.198 -0.857 0.000 0.484 -0.875 -0.531 -0.848 -0.000 0.000 0.000 0.000 -0.881 0.500 -0.015 0.000
0.170 26.289 -0.806 0.000 0.403 -0.915 -0.676 -0.737 -0.000 0.000 0.000 0.000 -0.881 0.500 -0.015 0.000
0.171 26.379 -0.750 0.000 0.318 -0.948 -0.797 -0.604 -0.000 0.000 0.000 0.000 -0.881 0.500 -0.015 0.000
0.172 26.469 -0.688 0.000 0.233 -0.973 -0.892 -0.453 -0.000 0.000 0.000 0.000 -0.881 0.500 -0.015 0.000
0.173 26.557 -0.621 0.000 0.146 -0.989 -0.957 -0.289 -0.000 0.000 0.000 0.000 -0.881 0.500 -0.015 0.000
0.174 26.644 -0.551 0.000 0.059 -0.998 -0.993 -0.119 -0.000 0.000 0.000 0.000 -0.881 0.500 -0.015 0.000
0.175 26.730 -0.477 0.000 -0.027 -1.000 -0.999 0.053 0.000 0.000 0.000 -0.000 -0.881 0.500 -0.015 0.000
0.176 26.815 -0.400 0.000 -0.111 -0.994 -0.975 0.222 0.000 0.000 0.000 -0.000 -0.881 0.500 -0.015 0.000
0.177 26.899 -0.322 0.000 -0.194 -0.981 -0.924 0.381 0.000 0.000 0.000 -0.000 -0.881 0.500 -0.015 0.000
0.178 26.982 -0.243 0.000 -0.275 -0.961 -0.849 0.529 0.000 0.000 0.000 -0.000 -0.881 0.500 -0.015 0.000
0.179 27.064 -0.162 0.000 -0.353 -0.936 -0.751 0.660 0.000 0.000 0.000 -0.000 -0.881 0.500 -0.015 0.000
0.180 27.145 -0.082 0.000 -0.427 -0.904 -0.635 0.772 0.000 0.000 0.000 -0.000 -0.881 0.500 -0.015 0.000
0.181 27.225 -0.003 0.000 -0.498 -0.867 -0.505 0.863 0.000 0.000 0.000 -0.000 -0.881 0.500 -0.015 0.000
0.182 27.303 0.076 0.000 -0.564 -0.826 -0.363 0.932 -0.000 -0.000 -0.000 0.000 -0.881 0.500 -0.015 0.000
0.183 27.381 0.153 0.000 -0.627 -0.779 -0.215 0.977 -0.000 -0.000 -0.000 0.000 -0.881 0.500 -0.015 0.000
0.184 27.457 0.228 0.000 -0.684 -0.729 -0.063 0.998 -0.000 -0.000 -0.000 0.000 -0.881 0.500 -0.015 0.000
0.185 27.533 0.301 0.000 -0.737 -0.676 0.087 0.996 -0.000 -0.000 0.000 0.000 -0.881 0.500 -0.015 0.000
0.186 27.607 0.371 0.000 -0.785 -0.619 0.234 0.972 -0.000 -0.000 0.000 0.000 -0.881 0.500 -0.015 0.000
0.187 27.680 0.438 0.000 -0.829 -0.560 0.373 0.928 -0.000 -0.000 0.000 0.000 -0.881 0.500 -0.015 0.000
0.188 27.752 0.501 0.000 -0.867 -0.499 0.503 0.864 -0.000 -0.000 0.000 0.000 -0.881 0.500 -0.015 0.000
0.189 27.823 0.562 0.000 -0.900 -0.436 0.620 0.785 -0.000 -0.000 0.000 0.000 -0.881 0.500 -0.015 0.000
0.190 27.893 0.618 0.000 -0.928 -0.372 0.723 0.690 -0.000 -0.000 0.000 0.000 -0.881 0.500 -0.015 0.000
0.191 27.962 0.671 0.000 -0.952 -0.307 0.811 0.585 -0.000 -0.000 0.000 0.000 -0.881 0.500 -0.015 0.000
0.192 28.030 0.719 0.000 -0.970 -0.242 0.883 0.470 -0.000 -0.000 0.000 0.000 -0.881 0.500 -0.015 0.000
0.193 28.096 0.764 0.000 -0.984 -0.177 0.937 0.348 -0.000 -0.000 0.000 0.000 -0.881 0.500 -0.015 0.000
0.194 28.162 0.805 0.000 -0.994 -0.112 0.975 0.223 -0.000 -0.000 0.000 0.000 -0.881 0.500 -0.015 0.000
0.195 28.226 0.841 0.000 -0.999 -0.048 0.995 0.096 -0.000 -0.000 0.000 0.000 -0.881 0.500 -0.015 0.000
0.196 28.290 0.874 0.000 -1.000 0.015 1.000 -0.031 -0.000 0.000 0.000 -0.000 -0.881 0.500 -0.015 0.000
0.197 28.352 0.902 0.000 -0.997 0.077 0.988 -0.154 -0.000 0.000 0.000 -0.000 -0.881 0.500 -0.015 0.000
0.198 28.413 0.927 0.000 -0.990 0.138 0.962 -0.274 -0.000 0.000 0.000 -0.000 -0.881 0.500 -0.015 0.000
0.199 28.473 0.948 0.000 -0.980 0.197 0.922 -0.387 -0.000 0.000 0.000 -0.000 -0.881 0.500 -0.015 0.000
0.200 28.532 0.965 0.000 -0.967 0.255 0.870 -0.492 -0.000 0.000 0.000 -0.000 -0.881 0.500 -0.015 0.000
0.201 28.589 0.978 0.000 -0.951 0.310 0.808 -0.589 -0.000 0.000 0.000 -0.000 -0.881 0.500 -0.015 0.000
0.202 28.646 0.988 0.000 -0.932 0.363 0.736 -0.677 -0.000 0.000 0.000 -0.000 -0.881 0.500 -0.015 0.000
0.203 28.701 0.995 0.000 -0.910 0.414 0.657 -0.754 -0.000 0.000 0.000 -0.000 -0.881 0.500 -0.015 0.000
0.204 28.756 0.999 0.000 -0.886 0.463 0.571 -0.821 -0.000 0.000 0.000 -0.000 -0.881 0.500 -0.015 0.000
0.205 28.809 1.000 0.000 -0.861 0.509 0.481 -0.877 -0.000 0.000 0.000 -0.000 -0.881 0.500 -0.015 0.000
0.206 28.861 0.998 0.000 -0.833 0.553 0.387 -0.922 -0.000 0.000 0.000 -0.000 -0.881 0.500 -0.015 0.000
0.207 28.912 0.994 0.000 -0.804 0.595 0.292 -0.956 -0.000 0.000 0.000 -0.000 -0.881 0.500 -0.015 0.000
0.208 28.961 0.987 0.000 -0.773 0.634 0.195 -0.981 -0.000 0.000 0.000 -0.000 -0.881 0.500 -0.015 0.000
0.209 29.010 0.978 0.000 -0.741 0.671 0.099 -0.995 -0.000 0.000 0.000 -0.000 -0.881 0.500 -0.015 0.000
0.210 29.057 0.967 0.000 -0.709 0.706 0.004 -1.000 -0.000 0.000 0.000 -0.000 -0.881 0.500 -0.015 0.000
0.211 29.104 0.954 0.000 -0.675 0.738 -0.088 -0.996 -0.000 0.000 -0.000 -0.000 -0.881 0.500 -0.015 0.000
0.212 29.149 0.939 0.000 -0.641 0.767 -0.177 -0.984 -0.000 0.000 -0.000 -0.000 -0.881 0.500 -0.015 0.000
0.213 29.193 0.923 0.000 -0.607 0.795 -0.263 -0.965 -0.000 0.000 -0.000 -0.000 -0.881 0.500 -0.015 0.000
0.214 29.236 0.906 0.000 -0.572 0.820 -0.345 -0.939 -0.000 0.000 -0.000 -0.000 -0.881 0.500 -0.015 0.000
0.215 29.278 0.887 0.000 -0.538 0.843 -0.422 -0.907 -0.000 0.000 -0.000 -0.000 -0.881 0.500 -0.015 0.000
0.216 29.318 0.868 0.000 -0.503 0.864 -0.494 -0.869 -0.000 0.000 -0.000 -0.000 -0.881 0.500 -0.015 0.000
0.217 29.357 0.848 0.000 -0.469 0.883 -0.561 -0.828 -0.000 0.000 -0.000 -0.000 -0.881 0.500 -0.015 0.000
0.218 29.396 0.827 0.000 -0.434 0.901 -0.622 -0.783 -0.000 0.000 -0.000 -0.000 -0.881 0.500 -0.015 0.000
0.219 29.433 0.805 0.000 -0.401 0.916 -0.679 -0.734 -0.000 0.000 -0.000 -0.000 -0.881 0.500 -0.015 0.000
0.220 29.469 0.783 0.000 -0.368 0.930 -0.730 -0.684 -0.000 0.000 -0.000 -0.000 -0.881 0.500 -0.015 0.000
0.221 29.503 0.761 0.000 -0.335 0.942 -0.775 -0.632 -0.000 0.000 -0.000 -0.000 -0.881 0.500 -0.015 0.000
0.222 29.537 0.739 0.000 -0.303 0.953 -0.816 -0.578 -0.000 0.000 -0.000 -0.000 -0.881 0.500 -0.015 0.000
0.223 29.569 0.717 0.000 -0.272 0.962 -0.852 -0.524 -0.000 0.000 -0.000 -0.000 -0.881 0.500 -0.015 0.000
0.224 29.601 0.695 0.000 -0.242 0.970 -0.883 -0.470 -0.000 0.000 -0.000 -0.000 -0.881 0.500 -0.015 0.000
0.225 29.631 0.673 0.000 -0.213 0.977 -0.909 -0.416 -0.000 0.000 -0.000 -0.000 -0.881 0.500 -0.015 0.000
0.226 29.660 0.651 0.000 -0.185 0.983 -0.932 -0.363 -0.000 0.000 -0.000 -0.000 -0.881 0.500 -0.015 0.000
0.227 29.687 0.630 0.000 -0.157 0.988 -0.951 -0.310 -0.000 0.000 -0.000 -0.000 -0.881 0.500 -0.015 0.000
0.228 29.714 0.609 0.000 -0.131 0.991 -0.966 -0.260 -0.000 0.000 -0.000 -0.000 -0.881 0.500 -0.015 0.000
0.229 29.739 0.589 0.000 -0.106 0.994 -0.978 -0.210 -0.000 0.000 -0.000 -0.000 -0.881 0.500 -0.015 0.000
0.230 29.763 0.569 0.000 -0.082 0.997 -0.987 -0.163 -0.000 0.000 -0.000 -0.000 -0.881 0.500 -0.015 0.000
0.231 29.786 0.550 0.000 -0.059 0.998 -0.993 -0.117 -0.000 0.000 -0.000 -0.000 -0.881 0.500 -0.015 0.000
0.232 29.808 0.532 0.000 -0.037 0.999 -0.997 -0.074 -0.000 0.000 -0.000 -0.000 -0.881 0.500 -0.015 0.000
0.233 29.829 0.514 0.000 -0.016 1.000 -0.999 -0.032 -0.000 0.000 -0.000 -0.000 -0.881 0.500 -0.015 0.000
0.234 29.849 0.497 0.000 0.003 1.000 -1.000 0.007 0.000 0.000 -0.000 0.000 -0.881 0.500 -0.015 0.000
0.235 29.867 0.481 0.000 0.022 1.000 -0.999 0.043 0.000 0.000 -0.000 0.000 -0.881 0.500 -0.015 0.000
0.236 29.884 0.466 0.000 0.039 0.999 -0.997 0.078 0.000 0.000 -0.000 0.000 -0.881 0.500 -0.015 0.000
0.237 29.900 0.452 0.000 0.055 0.998 -0.994 0.109 0.000 0.000 -0.000 0.000 -0.881 0.500 -0.015 0.000
0.238 29.915 0.439 0.000 0.070 0.998 -0.990 0.139 0.000 0.000 -0.000 0.000 -0.881 0.500 -0.015 0.000
0.239 29.928 0.426 0.000 0.083 0.997 -0.986 0.166 0.000 0.000 -0.000 0.000 -0.881 0.500 -0.015 0.000
0.240 29.941 0.415 0.000 0.096 0.995 -0.982 0.190 0.000 0.000 -0.000 0.000 -0.881 0.500 -0.015 0.000
0.241 29.952 0.405 0.000 0.107 0.994 -0.977 0.212 0.000 0.000 -0.000 0.000 -0.881 0.500 -0.015 0.000
0.242 29.962 0.396 0.000 0.117 0.993 -0.973 0.232 0.000 0.000 -0.000 0.000 -0.881 0.500 -0.015 0.000
0.243 29.971 0.387 0.000 0.126 0.992 -0.968 0.249 0.000 0.000 -0.000 0.000 -0.881 0.500 -0.015 0.000
0.244 29.979 0.380 0.000 0.133 0.991 -0.965 0.264 0.000 0.000 -0.000 0.000 -0.881 0.500 -0.015 0.000
0.245 29.985 0.374 0.000 0.140 0.990 -0.961 0.276 0.000 0.000 -0.000 0.000 -0.881 0.500 -0.015 0.000
0.246 29.991 0.369 0.000 0.145 0.989 -0.958 0.287 0.000 0.000 -0.000 0.000 -0.881 0.500 -0.015 0.000
0.247 29.995 0.365 0.000 0.149 0.989 -0.956 0.295 0.000 0.000 -0.000 0.000 -0.881 0.500 -0.015 0.000
0.248 29.998 0.363 0.000 0.152 0.988 -0.954 0.300 0.000 0.000 -0.000 0.000 -0.881 0.500 -0.015 0.000
0.249 29.999 0.361 0.000 0.154 0.988 -0.953 0.304 0.000 0.000 -0.000 0.000 -0.881 0.500 -0.015 0.000
0.250 30.000 0.360 0.000 0.154 0.988 -0.952 0.305 0.000 0.000 -0.000 0.000 -0.881 0.500 -0.015 0.000
0.251 29.999 0.361 0.000 0.154 0.988 -0.953 0.304 0.000 0.000 -0.000 0.000 -0.881 0.500 -0.015 0.000
0.252 29.998 0.363 0.000 0.152 0.988 -0.954 0.300 0.000 0.000 -0.000 0.000 -0.881 0.500 -0.015 0.000
0.253 29.995 0.365 0.000 0.149 0.989 -0.956 0.295 0.000 0.000 -0.000 0.000 -0.881 0.500 -0.015 0.000
0.254 29.991 0.369 0.000 0.145 0.989 -0.958 0.287 0.000 0.000 -0.000 0.000 -0.881 0.500 -0.015 0.000
0.255 29.985 0.374 0.000 0.140 0.990 -0.961 0.276 0.000 0.000 -0.000 0.000 -0.881 0.500 -0.015 0.000
0.256 29.979 0.380 0.000 0.133 0.991 -0.965 0.264 0.000 0.000 -0.000 0.000 -0.881 0.500 -0.015 0.000
0.257 29.971 0.387 0.000 0.126 0.992 -0.968 0.249 0.000 0.000 -0.000 0.000 -0.881 0.500 -0.015 0.000
0.258 29.962 0.396 0.000 0.117 0.993 -0.973 0.232 0.000 0.000 -0.000 0.000 -0.881 0.500 -0.015 0.000
0.259 29.952 0.405 0.000 0.107 0.994 -0.977 0.212 0.000 0.000 -0.000 0.000 -0.881 0.500 -0.015 0.000
0.260 29.941 0.415 0.000 0.096 0.995 -0.982 0.190 0.000 0.000 -0.000 0.000 -0.881 0.500 -0.015 0.000
0.261 29.928 0.426 0.000 0.083 0.997 -0.986 0.166 0.000 0.000 -0.000 0.000 -0.881 0.500 -0.015 0.000
0.262 29.915 0.439 0.000 0.070 0.998 -0.990 0.139 0.000 0.000 -0.000 0.000 -0.881 0.500 -0.015 0.000
0.263 29.900 0.452 0.000 0.055 0.998 -0.994 0.109 0.000 0.000 -0.000 0.000 -0.881 0.500 -0.015 0.000
0.264 29.884 0.466 0.000 0.039 0.999 -0.997 0.078 0.000 0.000 -0.000 0.000 -0.881 0.500 -0.015 0.000
0.265 29.867 0.481 0.000 0.022 1.000 -0.999 0.043 0.000 0.000 -0.000 0.000 -0.881 0.500 -0.015 0.000
0.266 29.849 0.497 0.000 0.003 1.000 -1.000 0.007 0.000 0.000 -0.000 0.000 -0.881 0.500 -0.015 0.000
0.267 29.829 0.514 0.000 -0.016 1.000 -0.999 -0.032 -0.000 0.000 -0.000 -0.000 -0.881 0.500 -0.015 0.000
0.268 29.808 0.532 0.000 -0.037 0.999 -0.997 -0.074 -0.000 0.000 -0.000 -0.000 -0.881 0.500 -0.015 0.000
0.269 29.786 0.550 0.000 -0.059 0.998 -0.993 -0.117 -0.000 0.000 -0.000 -0.000 -0.881 0.500 -0.015 0.000
0.270 29.763 0.569 0.000 -0.082 0.997 -0.987 -0.163 -0.000 0.000 -0.000 -0.000 -0.881 0.500 -0.015 0.000
0.271 29.739 0.589 0.000 -0.106 0.994 -0.978 -0.210 -0.000 0.000 -0.000 -0.000 -0.881 0.500 -0.015 0.000
0.272 29.714 0.609 0.000 -0.131 0.991 -0.966 -0.260 -0.000 0.000 -0.000 -0.000 -0.881 0.500 -0.015 0.000
0.273 29.687 0.630 0.000 -0.157 0.988 -0.951 -0.310 -0.000 0.000 -0.000 -0.000 -0.881 0.500 -0.015 0.000
0.274 29.660 0.651 0.000 -0.185 0.983 -0.932 -0.363 -0.000 0.000 -0.000 -0.000 -0.881 0.500 -0.015 0.000
0.275 29.631 0.673 0.000 -0.213 0.977 -0.909 -0.416 -0.000 0.000 -0.000 -0.000 -0.881 0.500 -0.015 0.000
0.276 29.601 0.695 0.000 -0.242 0.970 -0.883 -0.470 -0.000 0.000 -0.000 -0.000 -0.881 0.500 -0.015 0.000
0.277 29.569 0.717 0.000 -0.272 0.962 -0.852 -0.524 -0.000 0.000 -0.000 -0.000 -0.881 0.500 -0.015 0.000
0.278 29.537 0.739 0.000 -0.303 0.953 -0.816 -0.578 -0.000 0.000 -0.000 -0.000 -0.881 0.500 -0.015 0.000
0.279 29.503 0.761 0.000 -0.335 0.942 -0.775 -0.632 -0.000 0.000 -0.000 -0.000 -0.881 0.500 -0.015 0.000
0.280 29.469 0.783 0.000 -0.368 0.930 -0.730 -0.684 -0.000 0.000 -0.000 -0.000 -0.881 0.500 -0.015 0.000
0.281 29.433 0.805 0.000 -0.401 0.916 -0.679 -0.734 -0.000 0.000 -0.000 -0.000 -0.881 0.500 -0.015 0.000
0.282 29.396 0.827 0.000 -0.434 0.901 -0.622 -0.783 -0.000 0.000 -0.000 -0.000 -0.881 0.500 -0.015 0.000
0.283 29.357 0.848 0.000 -0.469 0.883 -0.561 -0.828 -0.000 0.000 -0.000 -0.000 -0.881 0.500 -0.015 0.000
0.284 29.318 0.868 0.000 -0.503 0.864 -0.494 -0.869 -0.000 0.000 -0.000 -0.000 -0.881 0.500 -0.015 0.000
0.285 29.278 0.887 0.000 -0.538 0.843 -0.422 -0.907 -0.000 0.000 -0.000 -0.000 -0.881 0.500 -0.015 0.000
0.286 29.236 0.906 0.000 -0.572 0.820 -0.345 -0.939 -0.000 0.000 -0.000 -0.000 -0.881 0.500 -0.015 0.000
0.287 29.193 0.923 0.000 -0.607 0.795 -0.263 -0.965 -0.000 0.000 -0.000 -0.000 -0.881 0.500 -0.015 0.000
0.288 29.149 0.939 0.000 -0.641 0.767 -0.177 -0.984 -0.000 0.000 -0.000 -0.000 -0.881 0.500 -0.015 0.000
0.289 29.104 0.954 0.000 -0.675 0.738 -0.088 -0.996 -0.000 0.000 -0.000 -0.000 -0.881 0.500 -0.015 0.000
0.290 29.057 0.967 0.000 -0.709 0.706 0.004 -1.000 -0.000 0.000 0.000 -0.000 -0.881 0.500 -0.015 0.000
0.291 29.010 0.978 0.000 -0.741 0.671 0.099 -0.995 -0.000 0.000 0.000 -0.000 -0.881 0.500 -0.015 0.000
0.292 28.961 0.987 0.000 -0.773 0.634 0.195 -0.981 -0.000 0.000 0.000 -0.000 -0.881 0.500 -0.015 0.000
0.293 28.912 0.994 0.000 -0.804 0.595 0.292 -0.956 -0.000 0.000 0.000 -0.000 -0.881 0.500 -0.015 0.000
0.294 28.861 0.998 0.000 -0.833 0.553 0.387 -0.922 -0.000 0.000 0.000 -0.000 -0.881 0.500 -0.015 0.000
0.295 28.809 1.000 0.000 -0.861 0.509 0.481 -0.877 -0.000 0.000 0.000 -0.000 -0.881 0.500 -0.015 0.000
0.296 28.756 0.999 0.000 -0.886 0.463 0.571 -0.821 -0.000 0.000 0.000 -0.000 -0.881 0.500 -0.015 0.000
0.297 28.701 0.995 0.000 -0.910 0.414 0.657 -0.754 -0.000 0.000 0.000 -0.000 -0.881 0.500 -0.015 0.000
0.298 28.646 0.988 0.000 -0.932 0.363 0.736 -0.677 -0.000 0.000 0.000 -0.000 -0.881 0.500 -0.015 0.000
0.299 28.589 0.978 0.000 -0.951 0.310 0.808 -0.589 -0.000 0.000 0.000 -0.000 -0.881 0.500 -0.015 0.000
0.300 28.532 0.965 0.000 -0.967 0.255 0.870 -0.492 -0.000 0.000 0.000 -0.000 -0.881 0.500 -0.015 0.000
0.301 28.473 0.948 0.000 -0.980 0.197 0.922 -0.387 -0.000 0.000 0.000 -0.000 -0.881 0.500 -0.015 0.000
0.302 28.413 0.927 0.000 -0.990 0.138 0.962 -0.274 -0.000 0.000 0.000 -0.000 -0.881 0.500 -0.015 0.000
0.303 28.352 0.902 0.000 -0.997 0.077 0.988 -0.154 -0.000 0.000 0.000 -0.000 -0.881 0.500 -0.015 0.000
0.304 28.290 0.874 0.000 -1.000 0.015 1.000 -0.031 -0.000 0.000 0.000 -0.000 -0.881 0.500 -0.015 0.000
0.305 28.226 0.841 0.000 -0.999 -0.048 0.995 0.096 -0.000 -0.000 0.000 0.000 -0.881 0.500 -0.015 0.000
0.306 28.162 0.805 0.000 -0.994 -0.112 0.975 0.223 -0.000 -0.000 0.000 0.000 -0.881 0.500 -0.015 0.000
0.307 28.096 0.764 0.000 -0.984 -0.177 0.937 0.348 -0.000 -0.000 0.000 0.000 -0.881 0.500 -0.015 0.000
0.308 28.030 0.719 0.000 -0.970 -0.242 0.883 0.470 -0.000 -0.000 0.000 0.000 -0.881 0.500 -0.015 0.000
0.309 27.962 0.671 0.000 -0.952 -0.307 0.811 0.585 -0.000 -0.000 0.000 0.000 -0.881 0.500 -0.015 0.000
0.310 27.893 0.618 0.000 -0.928 -0.372 0.723 0.690 -0.000 -0.000 0.000 0.000 -0.881 0.500 -0.015 0.000
0.311 27.823 0.562 0.000 -0.900 -0.436 0.620 0.785 -0.000 -0.000 0.000 0.000 -0.881 0.500 -0.015 0.000
0.312 27.752 0.501 0.000 -0.867 -0.499 0.503 0.864 -0.000 -0.000 0.000 0.000 -0.881 0.500 -0.015 0.000
0.313 27.680 0.438 0.000 -0.829 -0.560 0.373 0.928 -0.000 -0.000 0.000 0.000 -0.881 0.500 -0.015 0.000
0.314 27.607 0.371 0.000 -0.785 -0.619 0.234 0.972 -0.000 -0.000 0.000 0.000 -0.881 0.500 -0.015 0.000
0.315 27.533 0.301 0.000 -0.737 -0.676 0.087 0.996 -0.000 -0.000 0.000 0.000 -0.881 0.500 -0.015 0.000
0.316 27.457 0.228 0.000 -0.684 -0.729 -0.063 0.998 -0.000 -0.000 -0.000 0.000 -0.881 0.500 -0.015 0.000
0.317 27.381 0.153 0.000 -0.627 -0.779 -0.215 0.977 -0.000 -0.000 -0.000 0.000 -0.881 0.500 -0.015 0.000
0.318 27.303 0.076 0.000 -0.564 -0.826 -0.363 0.932 -0.000 -0.000 -0.000 0.000 -0.881 0.500 -0.015 0.000
0.319 27.225 -0.003 0.000 -0.498 -0.867 -0.505 0.863 0.000 0.000 0.000 -0.000 -0.881 0.500 -0.015 0.000
0.320 27.145 -0.082 0.000 -0.427 -0.904 -0.635 0.772 0.000 0.000 0.000 -0.000 -0.881 0.500 -0.015 0.000
0.321 27.064 -0.162 0.000 -0.353 -0.936 -0.751 0.660 0.000 0.000 0.000 -0.000 -0.881 0.500 -0.015 0.000
0.322 26.982 -0.243 0.000 -0.275 -0.961 -0.849 0.529 0.000 0.000 0.000 -0.000 -0.881 0.500 -0.015 0.000
0.323 26.899 -0.322 0.000 -0.194 -0.981 -0.924 0.381 0.000 0.000 0.000 -0.000 -0.881 0.500 -0.015 0.000
0.324 26.815 -0.400 0.000 -0.111 -0.994 -0.975 0.222 0.000 0.000 0.000 -0.000 -0.881 0.500 -0.015 0.000
0.325 26.730 -0.477 0.000 -0.027 -1.000 -0.999 0.053 0.000 0.000 0.000 -0.000 -0.881 0.500 -0.015 0.000
0.326 26.644 -0.551 0.000 0.059 -0.998 -0.993 -0.119 -0.000 0.000 0.000 0.000 -0.881 0.500 -0.015 0.000
0.327 26.557 -0.621 0.000 0.146 -0.989 -0.957 -0.289 -0.000 0.000 0.000 0.000 -0.881 0.500 -0.015 0.000
0.328 26.469 -0.688 0.000 0.233 -0.973 -0.892 -0.453 -0.000 0.000 0.000 0.000 -0.881 0.500 -0.015 0.000
0.329 26.379 -0.750 0.000 0.318 -0.948 -0.797 -0.604 -0.000 0.000 0.000 0.000 -0.881 0.500 -0.015 0.000
0.330 26.289 -0.806 0.000 0.403 -0.915 -0.676 -0.737 -0.000 0.000 0.000 0.000 -0.881 0.500 -0.015 0.000
0.331 26.198 -0.857 0.000 0.484 -0.875 -0.531 -0.848 -0.000 0.000 0.000 0.000 -0.881 0.500 -0.015 0.000
0.332 26.106 -0.901 0.000 0.563 -0.826 -0.366 -0.931 -0.000 0.000 0.000 0.000 -0.881 0.500 -0.015 0.000
0.333 26.012 -0.937 0.000 0.638 -0.770 -0.187 -0.982 -0.000 0.000 0.000 0.000 -0.881 0.500 -0.015 0.000
0.334 25.918 -0.966 0.000 0.707 -0.707 0.001 -1.000 -0.000 0.000 -0.000 0.000 -0.881 0.500 -0.015 0.000
0.335 25.822 -0.986 0.000 0.772 -0.636 0.191 -0.982 -0.000 0.000 -0.000 0.000 -0.881 0.500 -0.015 0.000
0.336 25.726 -0.998 0.000 0.829 -0.559 0.375 -0.927 -0.000 0.000 -0.000 0.000 -0.881 0.500 -0.015 0.000
0.337 25.628 -1.000 0.000 0.880 -0.476 0.548 -0.837 -0.000 0.000 -0.000 0.000 -0.881 0.500 -0.015 0.000
0.338 25.530 -0.992 0.000 0.922 -0.387 0.701 -0.713 -0.000 0.000 -0.000 0.000 -0.881 0.500 -0.015 0.000
0.339 25.430 -0.975 0.000 0.956 -0.293 0.828 -0.561 -0.000 0.000 -0.000 0.000 -0.881 0.500 -0.015 0.000
0.340 25.330 -0.947 0.000 0.981 -0.196 0.923 -0.384 -0.000 0.000 -0.000 0.000 -0.881 0.500 -0.015 0.000
0.341 25.228 -0.910 0.000 0.995 -0.095 0.982 -0.190 -0.000 0.000 -0.000 0.000 -0.881 0.500 -0.015 0.000
0.342 25.126 -0.863 0.000 1.000 0.007 1.000 0.014 -0.000 -0.000 -0.000 -0.000 -0.881 0.500 -0.015 0.000
0.343 25.022 -0.806 0.000 0.994 0.110 0.976 0.219 -0.000 -0.000 -0.000 -0.000 -0.881 0.500 -0.015 0.000
0.344 24.918 -0.740 0.000 0.977 0.213 0.909 0.417 -0.000 -0.000 -0.000 -0.000 -0.881 0.500 -0.015 0.000
0.345 24.812 -0.665 0.000 0.949 0.315 0.802 0.598 -0.000 -0.000 -0.000 -0.000 -0.881 0.500 -0.015 0.000
0.346 24.706 -0.581 0.000 0.910 0.414 0.657 0.754 -0.000 -0.000 -0.000 -0.000 -0.881 0.500 -0.015 0.000
0.347 24.599 -0.491 0.000 0.861 0.509 0.482 0.876 -0.000 -0.000 -0.000 -0.000 -0.881 0.500 -0.015 0.000
0.348 24.490 -0.394 0.000 0.801 0.599 0.282 0.959 -0.000 -0.000 -0.000 -0.000 -0.881 0.500 -0.015 0.000
0.349 24.381 -0.291 0.000 0.730 0.683 0.067 0.998 -0.000 -0.000 -0.000 -0.000 -0.881 0.500 -0.015 0.000
0.350 24.271 -0.184 0.000 0.651 0.759 -0.153 0.988 -0.000 -0.000 0.000 -0.000 -0.881 0.500 -0.015 0.000
0.351 24.159 -0.074 0.000 0.562 0.827 -0.367 0.930 -0.000 -0.000 0.000 -0.000 -0.881 0.500 -0.015 0.000
0.352 24.047 0.039 0.000 0.466 0.885 -0.565 0.825 0.000 0.000 -0.000 0.000 -0.881 0.500 -0.015 0.000
0.353 23.934 0.151 0.000 0.363 0.932 -0.736 0.677 0.000 0.000 -0.000 0.000 -0.881 0.500 -0.015 0.000
0.354 23.820 0.263 0.000 0.255 0.967 -0.870 0.493 0.000 0.000 -0.000 0.000 -0.881 0.500 -0.015 0.000
0.355 23.705 0.372 0.000 0.142 0.990 -0.960 0.282 0.000 0.000 -0.000 0.000 -0.881 0.500 -0.015 0.000
0.356 23.589 0.477 0.000 0.027 1.000 -0.999 0.053 0.000 0.000 -0.000 0.000 -0.881 0.500 -0.015 0.000
0.357 23.472 0.576 0.000 -0.090 0.996 -0.984 -0.179 -0.000 0.000 -0.000 -0.000 -0.881 0.500 -0.015 0.000
0.358 23.354 0.668 0.000 -0.207 0.978 -0.915 -0.404 -0.000 0.000 -0.000 -0.000 -0.881 0.500 -0.015 0.000
0.359 23.235 0.752 0.000 -0.321 0.947 -0.794 -0.608 -0.000 0.000 -0.000 -0.000 -0.881 0.500 -0.015 0.000
0.360 23.115 0.825 0.000 -0.432 0.902 -0.627 -0.779 -0.000 0.000 -0.000 -0.000 -0.881 0.500 -0.015 0.000
0.361 22.995 0.887 0.000 -0.537 0.843 -0.423 -0.906 -0.000 0.000 -0.000 -0.000 -0.881 0.500 -0.015 0.000
0.362 22.873 0.936 0.000 -0.636 0.772 -0.192 -0.981 -0.000 0.000 -0.000 -0.000 -0.881 0.500 -0.015 0.000
0.363 22.751 0.972 0.000 -0.725 0.689 0.051 -0.999 -0.000 0.000 0.000 -0.000 -0.881 0.500 -0.015 0.000
0.364 22.628 0.994 0.000 -0.804 0.594 0.294 -0.956 -0.000 0.000 0.000 -0.000 -0.881 0.500 -0.015 0.000
0.365 22.503 1.000 0.000 -0.872 0.490 0.520 -0.854 -0.000 0.000 0.000 -0.000 -0.881 0.500 -0.015 0.000
0.366 22.378 0.991 0.000 -0.926 0.377 0.715 -0.699 -0.000 0.000 0.000 -0.000 -0.881 0.500 -0.015 0.000
0.367 22.252 0.966 0.000 -0.966 0.258 0.867 -0.499 -0.000 0.000 0.000 -0.000 -0.881 0.500 -0.015 0.000
0.368 22.125 0.925 0.000 -0.991 0.134 0.964 -0.265 -0.000 0.000 0.000 -0.000 -0.881 0.500 -0.015 0.000
0.369 21.998 0.869 0.000 -1.000 0.007 1.000 -0.013 -0.000 0.000 0.000 -0.000 -0.881 0.500 -0.015 0.000
0.370 21.869 0.799 0.000 -0.993 -0.122 0.970 0.242 -0.000 -0.000 0.000 0.000 -0.881 0.500 -0.015 0.000
0.371 21.740 0.714 0.000 -0.969 -0.249 0.876 0.482 -0.000 -0.000 0.000 0.000 -0.881 0.500 -0.015 0.000
0.372 21.609 0.617 0.000 -0.928 -0.373 0.722 0.692 -0.000 -0.000 0.000 0.000 -0.881 0.500 -0.015 0.000
0.373 21.478 0.509 0.000 -0.871 -0.491 0.518 0.855 -0.000 -0.000 0.000 0.000 -0.881 0.500 -0.015 0.000
0.374 21.346 0.391 0.000 -0.799 -0.601 0.277 0.961 -0.000 -0.000 0.000 0.000 -0.881 0.500 -0.015 0.000
0.375 21.213 0.266 0.000 -0.712 -0.702 0.015 1.000 -0.000 -0.000 0.000 0.000 -0.881 0.500 -0.015 0.000
0.376 21.079 0.135 0.000 -0.612 -0.791 -0.250 0.968 -0.000 -0.000 -0.000 0.000 -0.881 0.500 -0.015 0.000
0.377 20.945 0.001 0.000 -0.501 -0.866 -0.498 0.867 -0.000 -0.000 -0.000 0.000 -0.881 0.500 -0.015 0.000
0.378 20.810 -0.134 0.000 -0.379 -0.925 -0.712 0.702 0.000 0.000 0.000 -0.000 -0.881 0.500 -0.015 0.000
0.379 20.673 -0.267 0.000 -0.250 -0.968 -0.875 0.485 0.000 0.000 0.000 -0.000 -0.881 0.500 -0.015 0.000
0.380 20.536 -0.396 0.000 -0.116 -0.993 -0.973 0.230 0.000 0.000 0.000 -0.000 -0.881 0.500 -0.015 0.000
0.381 20.399 -0.519 0.000 0.022 -1.000 -0.999 -0.043 -0.000 0.000 0.000 0.000 -0.881 0.500 -0.015 0.000
0.382 20.260 -0.632 0.000 0.160 -0.987 -0.949 -0.315 -0.000 0.000 0.000 0.000 -0.881 0.500 -0.015 0.000
0.383 20.121 -0.733 0.000 0.295 -0.955 -0.826 -0.564 -0.000 0.000 0.000 0.000 -0.881 0.500 -0.015 0.000
0.384 19.980 -0.821 0.000 0.426 -0.905 -0.637 -0.771 -0.000 0.000 0.000 0.000 -0.881 0.500 -0.015 0.000
0.385 19.839 -0.893 0.000 0.549 -0.836 -0.398 -0.918 -0.000 0.000 0.000 0.000 -0.881 0.500 -0.015 0.000
0.386 19.698 -0.948 0.000 0.661 -0.750 -0.125 -0.992 -0.000 0.000 0.000 0.000 -0.881 0.500 -0.015 0.000
0.387 19.555 -0.984 0.000 0.761 -0.648 0.159 -0.987 -0.000 0.000 -0.000 0.000 -0.881 0.500 -0.015 0.000
0.388 19.412 -0.999 0.000 0.846 -0.533 0.432 -0.902 -0.000 0.000 -0.000 0.000 -0.881 0.500 -0.015 0.000
0.389 19.268 -0.994 0.000 0.914 -0.406 0.670 -0.742 -0.000 0.000 -0.000 0.000 -0.881 0.500 -0.015 0.000
0.390 19.123 -0.969 0.000 0.963 -0.270 0.854 -0.520 -0.000 0.000 -0.000 0.000 -0.881 0.500 -0.015 0.000
0.391 18.977 -0.923 0.000 0.992 -0.127 0.968 -0.252 -0.000 0.000 -0.000 0.000 -0.881 0.500 -0.015 0.000
0.392 18.831 -0.856 0.000 1.000 0.019 0.999 0.038 -0.000 -0.000 -0.000 -0.000 -0.881 0.500 -0.015 0.000
0.393 18.684 -0.772 0.000 0.986 0.165 0.945 0.326 -0.000 -0.000 -0.000 -0.000 -0.881 0.500 -0.015 0.000
0.394 18.536 -0.669 0.000 0.951 0.309 0.809 0.587 -0.000 -0.000 -0.000 -0.000 -0.881 0.500 -0.015 0.000
0.395 18.387 -0.552 0.000 0.895 0.446 0.602 0.798 -0.000 -0.000 -0.000 -0.000 -0.881 0.500 -0.015 0.000
0.396 18.238 -0.422 0.000 0.819 0.574 0.341 0.940 -0.000 -0.000 -0.000 -0.000 -0.881 0.500 -0.015 0.000
0.397 18.088 -0.282 0.000 0.724 0.690 0.047 0.999 -0.000 -0.000 -0.000 -0.000 -0.881 0.500 -0.015 0.000
0.398 17.937 -0.134 0.000 0.612 0.791 -0.251 0.968 -0.000 -0.000 0.000 -0.000 -0.881 0.500 -0.015 0.000
0.399 17.786 0.017 0.000 0.486 0.874 -0.529 0.849 0.000 0.000 -0.000 0.000 -0.881 0.500 -0.015 0.000
0.400 17.634 0.168 0.000 0.347 0.938 -0.759 0.652 0.000 0.000 -0.000 0.000 -0.881 0.500 -0.015 0.000
0.401 17.481 0.316 0.000 0.201 0.980 -0.920 0.393 0.000 0.000 -0.000 0.000 -0.881 0.500 -0.015 0.000
0.402 17.327 0.457 0.000 0.048 0.999 -0.995 0.097 0.000 0.000 -0.000 0.000 -0.881 0.500 -0.015 0.000
0.403 17.173 0.589 0.000 -0.106 0.994 -0.978 -0.210 -0.000 0.000 -0.000 -0.000 -0.881 0.500 -0.015 0.000
0.404 17.018 0.706 0.000 -0.258 0.966 -0.867 -0.498 -0.000 0.000 -0.000 -0.000 -0.881 0.500 -0.015 0.000
0.405 16.863 0.807 0.000 -0.404 0.915 -0.673 -0.740 -0.000 0.000 -0.000 -0.000 -0.881 0.500 -0.015 0.000
0.406 16.706 0.889 0.000 -0.542 0.841 -0.413 -0.911 -0.000 0.000 -0.000 -0.000 -0.881 0.500 -0.015 0.000
0.407 16.549 0.950 0.000 -0.666 0.746 -0.112 -0.994 -0.000 0.000 -0.000 -0.000 -0.881 0.500 -0.015 0.000
0.408 16.392 0.987 0.000 -0.775 0.632 0.202 -0.979 -0.000 0.000 0.000 -0.000 -0.881 0.500 -0.015 0.000
0.409 16.234 1.000 0.000 -0.865 0.502 0.496 -0.868 -0.000 0.000 0.000 -0.000 -0.881 0.500 -0.015 0.000
0.410 16.075 0.988 0.000 -0.933 0.359 0.743 -0.670 -0.000 0.000 0.000 -0.000 -0.881 0.500 -0.015 0.000
0.411 15.915 0.950 0.000 -0.979 0.206 0.915 -0.403 -0.000 0.000 0.000 -0.000 -0.881 0.500 -0.015 0.000
0.412 15.755 0.889 0.000 -0.999 0.047 0.996 -0.094 -0.000 0.000 0.000 -0.000 -0.881 0.500 -0.015 0.000
0.413 15.595 0.804 0.001 -0.994 -0.113 0.974 0.225 -0.000 -0.000 0.000 0.000 -0.881 0.500 -0.015 0.000
0.414 15.433 0.698 0.001 -0.962 -0.271 0.853 0.522 -0.000 -0.000 0.000 0.000 -0.881 0.500 -0.015 0.000
0.415 15.271 0.573 0.001 -0.906 -0.423 0.642 0.767 -0.000 -0.000 0.000 0.000 -0.881 0.500 -0.015 0.000
0.416 15.109 0.433 0.001 -0.826 -0.564 0.364 0.932 -0.000 -0.000 0.000 0.000 -0.881 0.500 -0.015 0.000
0.417 14.946 0.281 0.001 -0.723 -0.691 0.046 0.999 -0.000 -0.000 0.000 0.000 -0.881 0.500 -0.015 0.000
0.418 14.782 0.121 0.001 -0.601 -0.799 -0.278 0.961 -0.000 -0.000 -0.000 0.000 -0.881 0.500 -0.015 0.000
0.419 14.618 -0.043 0.002 -0.462 -0.887 -0.573 0.820 0.000 0.000 0.000 -0.000 -0.881 0.500 -0.015 0.000
0.420 14.453 -0.207 0.002 -0.310 -0.951 -0.808 0.590 0.000 0.000 0.000 -0.000 -0.881 0.500 -0.015 0.000
0.421 14.287 -0.365 0.002 -0.149 -0.989 -0.955 0.295 0.000 0.001 0.001 -0.000 -0.881 0.500 -0.015 0.000
0.422 14.121 -0.514 0.002 0.016 -1.000 -0.999 -0.032 -0.000 0.001 0.001 0.000 -0.881 0.500 -0.015 0.000
0.423 13.955 -0.649 0.003 0.182 -0.983 -0.934 -0.357 -0.000 0.002 0.002 0.001 -0.881 0.500 -0.015 0.000
0.424 13.787 -0.766 0.003 0.343 -0.939 -0.765 -0.644 -0.001 0.002 0.002 0.002 -0.881 0.500 -0.015 0.000
0.425 13.620 -0.863 0.004 0.495 -0.869 -0.511 -0.860 -0.002 0.003 0.002 0.003 -0.881 0.500 -0.015 0.000
0.426 13.451 -0.935 0.004 0.633 -0.774 -0.198 -0.980 -0.003 0.003 0.001 0.004 -0.881 0.500 -0.015 0.000
0.427 13.283 -0.981 0.005 0.754 -0.657 0.138 -0.990 -0.004 0.003 -0.001 0.005 -0.881 0.500 -0.015 0.000
0.428 13.113 -1.000 0.006 0.854 -0.520 0.459 -0.889 -0.005 0.003 -0.003 0.005 -0.881 0.500 -0.015 0.000
0.429 12.944 -0.989 0.007 0.930 -0.368 0.729 -0.685 -0.006 0.003 -0.005 0.005 -0.881 0.500 -0.015 0.000
0.430 12.773 -0.950 0.008 0.979 -0.206 0.916 -0.402 -0.007 0.002 -0.007 0.003 -0.881 0.500 -0.015 0.000
0.431 12.603 -0.884 0.009 0.999 -0.036 0.997 -0.072 -0.008 0.000 -0.008 0.001 -0.881 0.500 -0.015 0.000
0.432 12.431 -0.791 0.010 0.991 0.135 0.964 0.267 -0.008 -0.001 -0.008 -0.002 -0.881 0.500 -0.015 0.000
0.433 12.259 -0.675 0.012 0.953 0.302 0.817 0.576 -0.008 -0.002 -0.007 -0.005 -0.881 0.500 -0.015 0.000
0.434 12.087 -0.538 0.014 0.887 0.461 0.575 0.818 -0.006 -0.003 -0.004 -0.006 -0.881 0.500 -0.015 0.000
0.435 11.914 -0.385 0.015 0.795 0.607 0.264 0.965 -0.005 -0.004 -0.002 -0.006 -0.881 0.500 -0.015 0.000
0.436 11.741 -0.220 0.018 0.678 0.735 -0.079 0.997 -0.003 -0.003 0.000 -0.004 -0.881 0.500 -0.015 0.000
0.437 11.568 -0.048 0.020 0.541 0.841 -0.414 0.910 -0.001 -0.001 0.000 -0.001 -0.881 0.500 -0.015 0.000
0.438 11.393 0.125 0.022 0.387 0.922 -0.700 0.714 0.001 0.003 -0.002 0.002 -0.881 0.500 -0.015 0.000
0.439 11.219 0.296 0.025 0.221 0.975 -0.902 0.432 0.002 0.007 -0.007 0.003 -0.881 0.500 -0.015 0.000
0.440 11.044 0.458 0.029 0.048 0.999 -0.995 0.096 0.001 0.013 -0.013 0.001 -0.881 0.500 -0.015 0.000
0.441 10.868 0.606 0.032 -0.127 0.992 -0.968 -0.252 -0.002 0.019 -0.019 -0.005 -0.881 0.500 -0.015 0.000
0.442 10.692 0.736 0.036 -0.299 0.954 -0.822 -0.570 -0.008 0.025 -0.022 -0.015 -0.881 0.500 -0.015 0.000
0.443 10.516 0.843 0.040 -0.461 0.887 -0.574 -0.819 -0.016 0.030 -0.020 -0.028 -0.881 0.500 -0.015 0.000
0.444 10.339 0.925 0.045 -0.610 0.792 -0.255 -0.967 -0.025 0.033 -0.011 -0.040 -0.881 0.500 -0.015 0.000
0.445 10.162 0.977 0.050 -0.740 0.672 0.096 -0.995 -0.036 0.033 0.005 -0.049 -0.881 0.500 -0.015 0.000
0.446 9.985 0.999 0.056 -0.847 0.531 0.436 -0.900 -0.048 0.030 0.024 -0.050 -0.881 0.500 -0.015 0.000
0.447 9.807 0.990 0.062 -0.928 0.373 0.722 -0.692 -0.057 0.023 0.045 -0.043 -0.881 0.500 -0.015 0.000
0.448 9.628 0.949 0.069 -0.979 0.202 0.918 -0.396 -0.064 0.013 0.060 -0.026 -0.881 0.500 -0.015 0.000
0.449 9.450 0.878 0.077 -1.000 0.025 0.999 -0.050 -0.067 0.002 0.067 -0.003 -0.881 0.500 -0.015 0.000
0.450 9.271 0.779 0.085 -0.988 -0.154 0.953 0.304 -0.065 -0.010 0.063 0.020 -0.881 0.500 -0.015 0.000
0.451 9.091 0.654 0.093 -0.945 -0.328 0.785 0.619 -0.058 -0.020 0.048 0.038 -0.881 0.500 -0.015 0.000
0.452 8.911 0.509 0.103 -0.871 -0.491 0.517 0.856 -0.046 -0.026 0.027 0.045 -0.881 0.500 -0.015 0.000
0.453 8.731 0.346 0.113 -0.769 -0.639 0.182 0.983 -0.030 -0.025 0.007 0.038 -0.881 0.500 -0.015 0.000
0.454 8.551 0.172 0.124 -0.642 -0.767 -0.177 0.984 -0.014 -0.016 -0.004 0.021 -0.881 0.500 -0.015 0.000
0.455 8.370 -0.008 0.135 -0.493 -0.870 -0.514 0.858 0.001 0.001 0.001 -0.001 -0.881 0.500 -0.015 0.000
0.456 8.189 -0.188 0.148 -0.328 -0.945 -0.784 0.620 0.009 0.026 0.022 -0.017 -0.881 0.500 -0.015 0.000
0.457 8.007 -0.362 0.161 -0.152 -0.988 -0.953 0.301 0.009 0.058 0.056 -0.018 -0.881 0.500 -0.015 0.000
0.458 7.825 -0.525 0.175 0.029 -1.000 -0.998 -0.057 -0.003 0.092 0.092 0.005 -0.881 0.500 -0.015 0.000
0.459 7.643 -0.670 0.190 0.209 -0.978 -0.912 -0.409 -0.027 0.125 0.116 0.052 -0.881 0.500 -0.015 0.000
0.460 7.461 -0.794 0.206 0.383 -0.924 -0.706 -0.708 -0.063 0.151 0.115 0.116 -0.881 0.500 -0.015 0.000
0.461 7.278 -0.891 0.223 0.545 -0.839 -0.407 -0.914 -0.108 0.166 0.081 0.181 -0.881 0.500 -0.015 0.000
0.462 7.095 -0.959 0.240 0.688 -0.726 -0.053 -0.999 -0.159 0.167 0.012 0.230 -0.881 0.500 -0.015 0.000
0.463 6.912 -0.995 0.259 0.809 -0.588 0.309 -0.951 -0.208 0.151 -0.079 0.245 -0.881 0.500 -0.015 0.000
0.464 6.728 -0.997 0.278 0.903 -0.430 0.630 -0.777 -0.250 0.119 -0.174 0.215 -0.881 0.500 -0.015 0.000
0.465 6.544 -0.966 0.298 0.966 -0.258 0.867 -0.499 -0.278 0.074 -0.250 0.144 -0.881 0.500 -0.015 0.000
0.466 6.360 -0.902 0.319 0.997 -0.077 0.988 -0.153 -0.287 0.022 -0.285 0.044 -0.881 0.500 -0.015 0.000
0.467 6.176 -0.807 0.341 0.994 0.107 0.977 0.213 -0.274 -0.030 -0.269 -0.059 -0.881 0.500 -0.015 0.000
0.468 5.991 -0.686 0.364 0.958 0.288 0.834 0.551 -0.239 -0.072 -0.208 -0.137 -0.881 0.500 -0.015 0.000
0.469 5.806 -0.540 0.387 0.889 0.459 0.579 0.815 -0.186 -0.096 -0.121 -0.170 -0.881 0.500 -0.015 0.000
0.470 5.621 -0.376 0.411 0.789 0.614 0.245 0.970 -0.122 -0.095 -0.038 -0.150 -0.881 0.500 -0.015 0.000
0.471 5.436 -0.199 0.436 0.662 0.749 -0.123 0.992 -0.057 -0.065 0.011 -0.086 -0.881 0.500 -0.015 0.000
0.472 5.251 -0.015 0.461 0.513 0.859 -0.474 0.880 -0.003 -0.006 0.003 -0.006 -0.881 0.500 -0.015 0.000
0.473 5.065 0.170 0.487 0.345 0.938 -0.761 0.648 0.029 0.078 -0.063 0.054 -0.881 0.500 -0.015 0.000
0.474 4.879 0.349 0.513 0.166 0.986 -0.945 0.327 0.030 0.177 -0.169 0.059 -0.881 0.500 -0.015 0.000
0.475 4.693 0.517 0.539 -0.019 1.000 -0.999 -0.039 -0.005 0.279 -0.278 -0.011 -0.881 0.500 -0.015 0.000
0.476 4.507 0.666 0.566 -0.204 0.979 -0.917 -0.400 -0.077 0.369 -0.346 -0.151 -0.881 0.500 -0.015 0.000
0.477 4.320 0.793 0.593 -0.382 0.924 -0.708 -0.706 -0.180 0.435 -0.333 -0.332 -0.881 0.500 -0.015 0.000
0.478 4.134 0.892 0.620 -0.547 0.837 -0.402 -0.916 -0.303 0.463 -0.222 -0.507 -0.881 0.500 -0.015 0.000
0.479 3.947 0.961 0.647 -0.693 0.721 -0.040 -0.999 -0.431 0.448 -0.025 -0.621 -0.881 0.500 -0.015 0.000
0.480 3.760 0.996 0.674 -0.815 0.580 0.328 -0.945 -0.546 0.389 0.220 -0.634 -0.881 0.500 -0.015 0.000
0.481 3.573 0.996 0.700 -0.908 0.418 0.650 -0.760 -0.633 0.291 0.453 -0.530 -0.881 0.500 -0.015 0.000
0.482 3.386 0.961 0.726 -0.970 0.242 0.883 -0.469 -0.677 0.169 0.616 -0.327 -0.881 0.500 -0.015 0.000
0.483 3.198 0.893 0.752 -0.998 0.057 0.994 -0.113 -0.670 0.038 0.667 -0.076 -0.881 0.500 -0.015 0.000
0.484 3.011 0.793 0.777 -0.991 -0.130 0.966 0.259 -0.611 -0.080 0.595 0.159 -0.881 0.500 -0.015 0.000
0.485 2.823 0.666 0.801 -0.950 -0.313 0.804 0.595 -0.507 -0.167 0.429 0.317 -0.881 0.500 -0.015 0.000
0.486 2.636 0.515 0.824 -0.875 -0.485 0.530 0.848 -0.371 -0.206 0.225 0.360 -0.881 0.500 -0.015 0.000
0.487 2.448 0.346 0.846 -0.769 -0.640 0.182 0.983 -0.225 -0.187 0.053 0.288 -0.881 0.500 -0.015 0.000
0.488 2.260 0.165 0.867 -0.636 -0.772 -0.192 0.981 -0.091 -0.110 -0.027 0.140 -0.881 0.500 -0.015 0.000
0.489 2.072 -0.023 0.887 -0.480 -0.877 -0.539 0.843 0.010 0.018 0.011 -0.017 -0.881 0.500 -0.015 0.000
0.490 1.884 -0.209 0.906 -0.308 -0.951 -0.810 0.586 0.058 0.180 0.154 -0.111 -0.881 0.500 -0.015 0.000
0.491 1.696 -0.388 0.923 -0.124 -0.992 -0.969 0.247 0.045 0.356 0.347 -0.089 -0.881 0.500 -0.015 0.000
0.492 1.507 -0.554 0.939 0.063 -0.998 -0.992 -0.127 -0.033 0.519 0.516 0.066 -0.881 0.500 -0.015 0.000
0.493 1.319 -0.700 0.953 0.249 -0.968 -0.876 -0.482 -0.166 0.646 0.584 0.322 -0.881 0.500 -0.015 0.000
0.494 1.131 -0.821 0.965 0.426 -0.905 -0.637 -0.771 -0.338 0.717 0.505 0.611 -0.881 0.500 -0.015 0.000
0.495 0.942 -0.914 0.976 0.588 -0.809 -0.309 -0.951 -0.524 0.721 0.275 0.848 -0.881 0.500 -0.015 0.000
0.496 0.754 -0.974 0.984 0.729 -0.684 0.063 -0.998 -0.699 0.656 -0.060 0.956 -0.881 0.500 -0.015 0.000
0.497 0.565 -0.999 0.991 0.844 -0.536 0.426 -0.905 -0.836 0.531 -0.422 0.896 -0.881 0.500 -0.015 0.000
0.498 0.377 -0.989 0.996 0.930 -0.368 0.729 -0.685 -0.916 0.363 -0.718 0.675 -0.881 0.500 -0.015 0.000
0.499 0.188 -0.944 0.999 0.982 -0.187 0.930 -0.368 -0.927 0.177 -0.877 0.347 -0.881 0.500 -0.015 0.000
0.500 -0.000 -0.866 1.000 1.000 0.000 1.000 0.000 -0.866 -0.000 -0.866 -0.000 -0.881 0.500 -0.015 0.000
0.501 -0.188 -0.757 0.999 0.982 0.187 0.930 0.368 -0.743 -0.142 -0.703 -0.278 -0.881 0.500 -0.015 0.000
0.502 -0.377 -0.621 0.996 0.930 0.368 0.729 0.685 -0.575 -0.228 -0.451 -0.424 -0.881 0.500 -0.015 0.000
0.503 -0.565 -0.463 0.991 0.844 0.536 0.426 0.905 -0.388 -0.246 -0.196 -0.416 -0.881 0.500 -0.015 0.000
0.504 -0.754 -0.289 0.984 0.729 0.684 0.063 0.998 -0.207 -0.195 -0.018 -0.284 -0.881 0.500 -0.015 0.000
0.505 -0.942 -0.105 0.976 0.588 0.809 -0.309 0.951 -0.060 -0.083 0.032 -0.097 -0.881 0.500 -0.015 0.000
0.506 -1.131 0.083 0.965 0.426 0.905 -0.637 0.771 0.034 0.073 -0.051 0.062 -0.881 0.500 -0.015 0.000
0.507 -1.319 0.269 0.953 0.249 0.968 -0.876 0.482 0.064 0.248 -0.224 0.123 -0.881 0.500 -0.015 0.000
0.508 -1.507 0.444 0.939 0.063 0.998 -0.992 0.127 0.026 0.416 -0.414 0.053 -0.881 0.500 -0.015 0.000
0.509 -1.696 0.604 0.923 -0.124 0.992 -0.969 -0.247 -0.069 0.553 -0.540 -0.138 -0.881 0.500 -0.015 0.000
0.510 -1.884 0.742 0.906 -0.308 0.951 -0.810 -0.586 -0.207 0.640 -0.545 -0.394 -0.881 0.500 -0.015 0.000
0.511 -2.072 0.855 0.887 -0.480 0.877 -0.539 -0.843 -0.364 0.665 -0.408 -0.639 -0.881 0.500 -0.015 0.000
0.512 -2.260 0.937 0.867 -0.636 0.772 -0.192 -0.981 -0.516 0.627 -0.156 -0.797 -0.881 0.500 -0.015 0.000
0.513 -2.448 0.986 0.846 -0.769 0.640 0.182 -0.983 -0.641 0.533 0.152 -0.820 -0.881 0.500 -0.015 0.000
0.514 -2.636 1.000 0.824 -0.875 0.485 0.530 -0.848 -0.721 0.399 0.437 -0.699 -0.881 0.500 -0.015 0.000
0.515 -2.823 0.979 0.801 -0.950 0.313 0.804 -0.595 -0.745 0.245 0.630 -0.466 -0.881 0.500 -0.015 0.000
0.516 -3.011 0.924 0.777 -0.991 0.130 0.966 -0.259 -0.711 0.094 0.693 -0.185 -0.881 0.500 -0.015 0.000
0.517 -3.198 0.836 0.752 -0.998 -0.057 0.994 0.113 -0.628 -0.036 0.625 0.071 -0.881 0.500 -0.015 0.000
0.518 -3.386 0.720 0.726 -0.970 -0.242 0.883 0.469 -0.507 -0.126 0.461 0.245 -0.881 0.500 -0.015 0.000
0.519 -3.573 0.578 0.700 -0.908 -0.418 0.650 0.760 -0.367 -0.169 0.263 0.307 -0.881 0.500 -0.015 0.000
0.520 -3.760 0.416 0.674 -0.815 -0.580 0.328 0.945 -0.228 -0.162 0.092 0.265 -0.881 0.500 -0.015 0.000
0.521 -3.947 0.240 0.647 -0.693 -0.721 -0.040 0.999 -0.107 -0.112 -0.006 0.155 -0.881 0.500 -0.015 0.000
0.522 -4.134 0.055 0.620 -0.547 -0.837 -0.402 0.916 -0.019 -0.029 -0.014 0.031 -0.881 0.500 -0.015 0.000
0.523 -4.320 -0.131 0.593 -0.382 -0.924 -0.708 0.706 0.030 0.072 0.055 -0.055 -0.881 0.500 -0.015 0.000
0.524 -4.507 -0.313 0.566 -0.204 -0.979 -0.917 0.400 0.036 0.173 0.162 -0.071 -0.881 0.500 -0.015 0.000
0.525 -4.693 -0.483 0.539 -0.019 -1.000 -0.999 0.039 0.005 0.261 0.260 -0.010 -0.881 0.500 -0.015 0.000
0.526 -4.879 -0.637 0.513 0.166 -0.986 -0.945 -0.327 -0.054 0.322 0.309 0.107 -0.881 0.500 -0.015 0.000
0.527 -5.065 -0.768 0.487 0.345 -0.938 -0.761 -0.648 -0.129 0.351 0.285 0.242 -0.881 0.500 -0.015 0.000
0.528 -5.251 -0.873 0.461 0.513 -0.859 -0.474 -0.880 -0.206 0.346 0.191 0.354 -0.881 0.500 -0.015 0.000
0.529 -5.436 -0.948 0.436 0.662 -0.749 -0.123 -0.992 -0.274 0.310 0.051 0.410 -0.881 0.500 -0.015 0.000
0.530 -5.621 -0.990 0.411 0.789 -0.614 0.245 -0.970 -0.321 0.250 -0.100 0.395 -0.881 0.500 -0.015 0.000
0.531 -5.806 -0.999 0.387 0.889 -0.459 0.579 -0.815 -0.344 0.177 -0.224 0.315 -0.881 0.500 -0.015 0.000
0.532 -5.991 -0.973 0.364 0.958 -0.288 0.834 -0.551 -0.339 0.102 -0.295 0.195 -0.881 0.500 -0.015 0.000
0.533 -6.176 -0.915 0.341 0.994 -0.107 0.977 -0.213 -0.310 0.033 -0.305 0.066 -0.881 0.500 -0.015 0.000
0.534 -6.360 -0.825 0.319 0.997 0.077 0.988 0.153 -0.263 -0.020 -0.260 -0.040 -0.881 0.500 -0.015 0.000
0.535 -6.544 -0.708 0.298 0.966 0.258 0.867 0.499 -0.204 -0.054 -0.183 -0.105 -0.881 0.500 -0.015 0.000
0.536 -6.728 -0.567 0.278 0.903 0.430 0.630 0.777 -0.142 -0.068 -0.099 -0.122 -0.881 0.500 -0.015 0.000
0.537 -6.912 -0.407 0.259 0.809 0.588 0.309 0.951 -0.085 -0.062 -0.032 -0.100 -0.881 0.500 -0.015 0.000
0.538 -7.095 -0.233 0.240 0.688 0.726 -0.053 0.999 -0.039 -0.041 0.003 -0.056 -0.881 0.500 -0.015 0.000
0.539 -7.278 -0.052 0.223 0.545 0.839 -0.407 0.914 -0.006 -0.010 0.005 -0.011 -0.881 0.500 -0.015 0.000
0.540 -7.461 0.130 0.206 0.383 0.924 -0.706 0.708 0.010 0.025 -0.019 0.019 -0.881 0.500 -0.015 0.000
0.541 -7.643 0.308 0.190 0.209 0.978 -0.912 0.409 0.012 0.057 -0.053 0.024 -0.881 0.500 -0.015 0.000
0.542 -7.825 0.475 0.175 0.029 1.000 -0.998 0.057 0.002 0.083 -0.083 0.005 -0.881 0.500 -0.015 0.000
0.543 -8.007 0.626 0.161 -0.152 0.988 -0.953 -0.301 -0.015 0.100 -0.096 -0.030 -0.881 0.500 -0.015 0.000
0.544 -8.189 0.757 0.148 -0.328 0.945 -0.784 -0.620 -0.037 0.106 -0.088 -0.069 -0.881 0.500 -0.015 0.000
0.545 -8.370 0.862 0.135 -0.493 0.870 -0.514 -0.858 -0.058 0.101 -0.060 -0.100 -0.881 0.500 -0.015 0.000
0.546 -8.551 0.939 0.124 -0.642 0.767 -0.177 -0.984 -0.075 0.089 -0.021 -0.114 -0.881 0.500 -0.015 0.000
0.547 -8.731 0.986 0.113 -0.769 0.639 0.182 -0.983 -0.086 0.071 0.020 -0.109 -0.881 0.500 -0.015 0.000
0.548 -8.911 1.000 0.103 -0.871 0.491 0.517 -0.856 -0.089 0.050 0.053 -0.088 -0.881 0.500 -0.015 0.000
0.549 -9.091 0.982 0.093 -0.945 0.328 0.785 -0.619 -0.087 0.030 0.072 -0.057 -0.881 0.500 -0.015 0.000
0.550 -9.271 0.933 0.085 -0.988 0.154 0.953 -0.304 -0.078 0.012 0.075 -0.024 -0.881 0.500 -0.015 0.000
0.551 -9.450 0.853 0.077 -1.000 -0.025 0.999 0.050 -0.065 -0.002 0.065 0.003 -0.881 0.500 -0.015 0.000
0.552 -9.628 0.747 0.069 -0.979 -0.202 0.918 0.396 -0.051 -0.010 0.047 0.020 -0.881 0.500 -0.015 0.000
0.553 -9.807 0.617 0.062 -0.928 -0.373 0.722 0.692 -0.036 -0.014 0.028 0.027 -0.881 0.500 -0.015 0.000
0.554 -9.985 0.468 0.056 -0.847 -0.531 0.436 0.900 -0.022 -0.014 0.011 0.024 -0.881 0.500 -0.015 0.000
0.555 -10.162 0.305 0.050 -0.740 -0.672 0.096 0.995 -0.011 -0.010 0.001 0.015 -0.881 0.500 -0.015 0.000
0.556 -10.339 0.132 0.045 -0.610 -0.792 -0.255 0.967 -0.004 -0.005 -0.002 0.006 -0.881 0.500 -0.015 0.000
0.557 -10.516 -0.044 0.040 -0.461 -0.887 -0.574 0.819 0.001 0.002 0.001 -0.001 -0.881 0.500 -0.015 0.000
0.558 -10.692 -0.219 0.036 -0.299 -0.954 -0.822 0.570 0.002 0.008 0.006 -0.004 -0.881 0.500 -0.015 0.000
0.559 -10.868 -0.386 0.032 -0.127 -0.992 -0.968 0.252 0.002 0.012 0.012 -0.003 -0.881 0.500 -0.015 0.000
0.560 -11.044 -0.541 0.029 0.048 -0.999 -0.995 -0.096 -0.001 0.015 0.015 0.001 -0.881 0.500 -0.015 0.000
0.561 -11.219 -0.679 0.025 0.221 -0.975 -0.902 -0.432 -0.004 0.017 0.016 0.007 -0.881 0.500 -0.015 0.000
0.562 -11.393 -0.796 0.022 0.387 -0.922 -0.700 -0.714 -0.007 0.016 0.013 0.013 -0.881 0.500 -0.015 0.000
0.563 -11.568 -0.889 0.020 0.541 -0.841 -0.414 -0.910 -0.010 0.015 0.007 0.016 -0.881 0.500 -0.015 0.000
0.564 -11.741 -0.955 0.018 0.678 -0.735 -0.079 -0.997 -0.011 0.012 0.001 0.017 -0.881 0.500 -0.015 0.000
0.565 -11.914 -0.992 0.015 0.795 -0.607 0.264 -0.965 -0.012 0.009 -0.004 0.015 -0.881 0.500 -0.015 0.000
0.566 -12.087 -0.999 0.014 0.887 -0.461 0.575 -0.818 -0.012 0.006 -0.008 0.011 -0.881 0.500 -0.015 0.000
0.567 -12.259 -0.977 0.012 0.953 -0.302 0.817 -0.576 -0.011 0.004 -0.009 0.007 -0.881 0.500 -0.015 0.000
0.568 -12.431 -0.925 0.010 0.991 -0.135 0.964 -0.267 -0.010 0.001 -0.009 0.003 -0.881 0.500 -0.015 0.000
0.569 -12.603 -0.847 0.009 0.999 0.036 0.997 0.072 -0.008 -0.000 -0.008 -0.001 -0.881 0.500 -0.015 0.000
0.570 -12.773 -0.745 0.008 0.979 0.206 0.916 0.402 -0.006 -0.001 -0.005 -0.002 -0.881 0.500 -0.015 0.000
0.571 -12.944 -0.621 0.007 0.930 0.368 0.729 0.685 -0.004 -0.002 -0.003 -0.003 -0.881 0.500 -0.015 0.000
0.572 -13.113 -0.480 0.006 0.854 0.520 0.459 0.889 -0.002 -0.001 -0.001 -0.003 -0.881 0.500 -0.015 0.000
0.573 -13.283 -0.325 0.005 0.754 0.657 0.138 0.990 -0.001 -0.001 -0.000 -0.002 -0.881 0.500 -0.015 0.000
0.574 -13.451 -0.161 0.004 0.633 0.774 -0.198 0.980 -0.000 -0.001 0.000 -0.001 -0.881 0.500 -0.015 0.000
0.575 -13.620 0.006 0.004 0.495 0.869 -0.511 0.860 0.000 0.000 -0.000 0.000 -0.881 0.500 -0.015 0.000
0.576 -13.787 0.173 0.003 0.343 0.939 -0.765 0.644 0.000 0.001 -0.000 0.000 -0.881 0.500 -0.015 0.000
0.577 -13.955 0.334 0.003 0.182 0.983 -0.934 0.357 0.000 0.001 -0.001 0.000 -0.881 0.500 -0.015 0.000
0.578 -14.121 0.486 0.002 0.016 1.000 -0.999 0.032 0.000 0.001 -0.001 0.000 -0.881 0.500 -0.015 0.000
0.579 -14.287 0.624 0.002 -0.149 0.989 -0.955 -0.295 -0.000 0.001 -0.001 -0.000 -0.881 0.500 -0.015 0.000
0.580 -14.453 0.744 0.002 -0.310 0.951 -0.808 -0.590 -0.000 0.001 -0.001 -0.001 -0.881 0.500 -0.015 0.000
0.581 -14.618 0.844 0.002 -0.462 0.887 -0.573 -0.820 -0.001 0.001 -0.001 -0.001 -0.881 0.500 -0.015 0.000
0.582 -14.782 0.920 0.001 -0.601 0.799 -0.278 -0.961 -0.001 0.001 -0.000 -0.001 -0.881 0.500 -0.015 0.000
0.583 -14.946 0.972 0.001 -0.723 0.691 0.046 -0.999 -0.001 0.001 0.000 -0.001 -0.881 0.500 -0.015 0.000
0.584 -15.109 0.997 0.001 -0.826 0.564 0.364 -0.932 -0.001 0.001 0.000 -0.001 -0.881 0.500 -0.015 0.000
0.585 -15.271 0.996 0.001 -0.906 0.423 0.642 -0.767 -0.001 0.000 0.001 -0.001 -0.881 0.500 -0.015 0.000
0.586 -15.433 0.969 0.001 -0.962 0.271 0.853 -0.522 -0.001 0.000 0.001 -0.000 -0.881 0.500 -0.015 0.000
0.587 -15.595 0.917 0.001 -0.994 0.113 0.974 -0.225 -0.001 0.000 0.001 -0.000 -0.881 0.500 -0.015 0.000
0.588 -15.755 0.841 0.000 -0.999 -0.047 0.996 0.094 -0.000 -0.000 0.000 0.000 -0.881 0.500 -0.015 0.000
0.589 -15.915 0.745 0.000 -0.979 -0.206 0.915 0.403 -0.000 -0.000 0.000 0.000 -0.881 0.500 -0.015 0.000
0.590 -16.075 0.629 0.000 -0.933 -0.359 0.743 0.670 -0.000 -0.000 0.000 0.000 -0.881 0.500 -0.015 0.000
0.591 -16.234 0.498 0.000 -0.865 -0.502 0.496 0.868 -0.000 -0.000 0.000 0.000 -0.881 0.500 -0.015 0.000
0.592 -16.392 0.355 0.000 -0.775 -0.632 0.202 0.979 -0.000 -0.000 0.000 0.000 -0.881 0.500 -0.015 0.000
0.593 -16.549 0.204 0.000 -0.666 -0.746 -0.112 0.994 -0.000 -0.000 -0.000 0.000 -0.881 0.500 -0.015 0.000
0.594 -16.706 0.049 0.000 -0.542 -0.841 -0.413 0.911 -0.000 -0.000 -0.000 0.000 -0.881 0.500 -0.015 0.000
0.595 -16.863 -0.107 0.000 -0.404 -0.915 -0.673 0.740 0.000 0.000 0.000 -0.000 -0.881 0.500 -0.015 0.000
0.596 -17.018 -0.260 0.000 -0.258 -0.966 -0.867 0.498 0.000 0.000 0.000 -0.000 -0.881 0.500 -0.015 0.000
0.597 -17.173 -0.406 0.000 -0.106 -0.994 -0.978 0.210 0.000 0.000 0.000 -0.000 -0.881 0.500 -0.015 0.000
0.598 -17.327 -0.541 0.000 0.048 -0.999 -0.995 -0.097 -0.000 0.000 0.000 0.000 -0.881 0.500 -0.015 0.000
0.599 -17.481 -0.664 0.000 0.201 -0.980 -0.920 -0.393 -0.000 0.000 0.000 0.000 -0.881 0.500 -0.015 0.000
0.600 -17.634 -0.770 0.000 0.347 -0.938 -0.759 -0.652 -0.000 0.000 0.000 0.000 -0.881 0.500 -0.015 0.000
0.601 -17.786 -0.858 0.000 0.486 -0.874 -0.529 -0.849 -0.000 0.000 0.000 0.000 -0.881 0.500 -0.015 0.000
0.602 -17.937 -0.925 0.000 0.612 -0.791 -0.251 -0.968 -0.000 0.000 0.000 0.000 -0.881 0.500 -0.015 0.000
0.603 -18.088 -0.972 0.000 0.724 -0.690 0.047 -0.999 -0.000 0.000 -0.000 0.000 -0.881 0.500 -0.015 0.000
0.604 -18.238 -0.996 0.000 0.819 -0.574 0.341 -0.940 -0.000 0.000 -0.000 0.000 -0.881 0.500 -0.015 0.000
0.605 -18.387 -0.998 0.000 0.895 -0.446 0.602 -0.798 -0.000 0.000 -0.000 0.000 -0.881 0.500 -0.015 0.000
0.606 -18.536 -0.978 0.000 0.951 -0.309 0.809 -0.587 -0.000 0.000 -0.000 0.000 -0.881 0.500 -0.015 0.000
0.607 -18.684 -0.937 0.000 0.986 -0.165 0.945 -0.326 -0.000 0.000 -0.000 0.000 -0.881 0.500 -0.015 0.000
0.608 -18.831 -0.875 0.000 1.000 -0.019 0.999 -0.038 -0.000 0.000 -0.000 0.000 -0.881 0.500 -0.015 0.000
0.609 -18.977 -0.795 0.000 0.992 0.127 0.968 0.252 -0.000 -0.000 -0.000 -0.000 -0.881 0.500 -0.015 0.000
0.610 -19.123 -0.699 0.000 0.963 0.270 0.854 0.520 -0.000 -0.000 -0.000 -0.000 -0.881 0.500 -0.015 0.000
0.611 -19.268 -0.588 0.000 0.914 0.406 0.670 0.742 -0.000 -0.000 -0.000 -0.000 -0.881 0.500 -0.015 0.000
0.612 -19.412 -0.466 0.000 0.846 0.533 0.432 0.902 -0.000 -0.000 -0.000 -0.000 -0.881 0.500 -0.015 0.000
0.613 -19.555 -0.335 0.000 0.761 0.648 0.159 0.987 -0.000 -0.000 -0.000 -0.000 -0.881 0.500 -0.015 0.000
0.614 -19.698 -0.198 0.000 0.661 0.750 -0.125 0.992 -0.000 -0.000 0.000 -0.000 -0.881 0.500 -0.015 0.000
0.615 -19.839 -0.057 0.000 0.549 0.836 -0.398 0.918 -0.000 -0.000 0.000 -0.000 -0.881 0.500 -0.015 0.000
0.616 -19.980 0.084 0.000 0.426 0.905 -0.637 0.771 0.000 0.000 -0.000 0.000 -0.881 0.500 -0.015 0.000
0.617 -20.121 0.222 0.000 0.295 0.955 -0.826 0.564 0.000 0.000 -0.000 0.000 -0.881 0.500 -0.015 0.000
0.618 -20.260 0.355 0.000 0.160 0.987 -0.949 0.315 0.000 0.000 -0.000 0.000 -0.881 0.500 -0.015 0.000
0.619 -20.399 0.481 0.000 0.022 1.000 -0.999 0.043 0.000 0.000 -0.000 0.000 -0.881 0.500 -0.015 0.000
0.620 -20.536 0.597 0.000 -0.116 0.993 -0.973 -0.230 -0.000 0.000 -0.000 -0.000 -0.881 0.500 -0.015 0.000
0.621 -20.673 0.701 0.000 -0.250 0.968 -0.875 -0.485 -0.000 0.000 -0.000 -0.000 -0.881 0.500 -0.015 0.000
0.622 -20.810 0.791 0.000 -0.379 0.925 -0.712 -0.702 -0.000 0.000 -0.000 -0.000 -0.881 0.500 -0.015 0.000
0.623 -20.945 0.867 0.000 -0.501 0.866 -0.498 -0.867 -0.000 0.000 -0.000 -0.000 -0.881 0.500 -0.015 0.000
0.624 -21.079 0.926 0.000 -0.612 0.791 -0.250 -0.968 -0.000 0.000 -0.000 -0.000 -0.881 0.500 -0.015 0.000
0.625 -21.213 0.968 0.000 -0.712 0.702 0.015 -1.000 -0.000 0.000 0.000 -0.000 -0.881 0.500 -0.015 0.000
0.626 -21.346 0.993 0.000 -0.799 0.601 0.277 -0.961 -0.000 0.000 0.000 -0.000 -0.881 0.500 -0.015 0.000
0.627 -21.478 1.000 0.000 -0.871 0.491 0.518 -0.855 -0.000 0.000 0.000 -0.000 -0.881 0.500 -0.015 0.000
0.628 -21.609 0.990 0.000 -0.928 0.373 0.722 -0.692 -0.000 0.000 0.000 -0.000 -0.881 0.500 -0.015 0.000
0.629 -21.740 0.963 0.000 -0.969 0.249 0.876 -0.482 -0.000 0.000 0.000 -0.000 -0.881 0.500 -0.015 0.000
0.630 -21.869 0.920 0.000 -0.993 0.122 0.970 -0.242 -0.000 0.000 0.000 -0.000 -0.881 0.500 -0.015 0.000
0.631 -21.998 0.863 0.000 -1.000 -0.007 1.000 0.013 -0.000 -0.000 0.000 0.000 -0.881 0.500 -0.015 0.000
0.632 -22.125 0.791 0.000 -0.991 -0.134 0.964 0.265 -0.000 -0.000 0.000 0.000 -0.881 0.500 -0.015 0.000
0.633 -22.252 0.708 0.000 -0.966 -0.258 0.867 0.499 -0.000 -0.000 0.000 0.000 -0.881 0.500 -0.015 0.000
0.634 -22.378 0.613 0.000 -0.926 -0.377 0.715 0.699 -0.000 -0.000 0.000 0.000 -0.881 0.500 -0.015 0.000
0.635 -22.503 0.510 0.000 -0.872 -0.490 0.520 0.854 -0.000 -0.000 0.000 0.000 -0.881 0.500 -0.015 0.000
0.636 -22.628 0.399 0.000 -0.804 -0.594 0.294 0.956 -0.000 -0.000 0.000 0.000 -0.881 0.500 -0.015 0.000
0.637 -22.751 0.284 0.000 -0.725 -0.689 0.051 0.999 -0.000 -0.000 0.000 0.000 -0.881 0.500 -0.015 0.000
0.638 -22.873 0.164 0.000 -0.636 -0.772 -0.192 0.981 -0.000 -0.000 -0.000 0.000 -0.881 0.500 -0.015 0.000
0.639 -22.995 0.044 0.000 -0.537 -0.843 -0.423 0.906 -0.000 -0.000 -0.000 0.000 -0.881 0.500 -0.015 0.000
0.640 -23.115 -0.077 0.000 -0.432 -0.902 -0.627 0.779 0.000 0.000 0.000 -0.000 -0.881 0.500 -0.015 0.000
0.641 -23.235 -0.195 0.000 -0.321 -0.947 -0.794 0.608 0.000 0.000 0.000 -0.000 -0.881 0.500 -0.015 0.000
0.642 -23.354 -0.310 0.000 -0.207 -0.978 -0.915 0.404 0.000 0.000 0.000 -0.000 -0.881 0.500 -0.015 0.000
0.643 -23.472 -0.420 0.000 -0.090 -0.996 -0.984 0.179 0.000 0.000 0.000 -0.000 -0.881 0.500 -0.015 0.000
0.644 -23.589 -0.523 0.000 0.027 -1.000 -0.999 -0.053 -0.000 0.000 0.000 0.000 -0.881 0.500 -0.015 0.000
0.645 -23.705 -0.618 0.000 0.142 -0.990 -0.960 -0.282 -0.000 0.000 0.000 0.000 -0.881 0.500 -0.015 0.000
0.646 -23.820 -0.704 0.000 0.255 -0.967 -0.870 -0.493 -0.000 0.000 0.000 0.000 -0.881 0.500 -0.015 0.000
0.647 -23.934 -0.781 0.000 0.363 -0.932 -0.736 -0.677 -0.000 0.000 0.000 0.000 -0.881 0.500 -0.015 0.000
0.648 -24.047 -0.846 0.000 0.466 -0.885 -0.565 -0.825 -0.000 0.000 0.000 0.000 -0.881 0.500 -0.015 0.000
0.649 -24.159 -0.900 0.000 0.562 -0.827 -0.367 -0.930 -0.000 0.000 0.000 0.000 -0.881 0.500 -0.015 0.000
0.650 -24.271 -0.943 0.000 0.651 -0.759 -0.153 -0.988 -0.000 0.000 0.000 0.000 -0.881 0.500 -0.015 0.000
0.651 -24.381 -0.974 0.000 0.730 -0.683 0.067 -0.998 -0.000 0.000 -0.000 0.000 -0.881 0.500 -0.015 0.000
0.652 -24.490 -0.993 0.000 0.801 -0.599 0.282 -0.959 -0.000 0.000 -0.000 0.000 -0.881 0.500 -0.015 0.000
0.653 -24.599 -1.000 0.000 0.861 -0.509 0.482 -0.876 -0.000 0.000 -0.000 0.000 -0.881 0.500 -0.015 0.000
0.654 -24.706 -0.995 0.000 0.910 -0.414 0.657 -0.754 -0.000 0.000 -0.000 0.000 -0.881 0.500 -0.015 0.000
0.655 -24.812 -0.979 0.000 0.949 -0.315 0.802 -0.598 -0.000 0.000 -0.000 0.000 -0.881 0.500 -0.015 0.000
0.656 -24.918 -0.953 0.000 0.977 -0.213 0.909 -0.417 -0.000 0.000 -0.000 0.000 -0.881 0.500 -0.015 0.000
0.657 -25.022 -0.916 0.000 0.994 -0.110 0.976 -0.219 -0.000 0.000 -0.000 0.000 -0.881 0.500 -0.015 0.000
0.658 -25.126 -0.869 0.000 1.000 -0.007 1.000 -0.014 -0.000 0.000 -0.000 0.000 -0.881 0.500 -0.015 0.000
0.659 -25.228 -0.814 0.000 0.995 0.095 0.982 0.190 -0.000 -0.000 -0.000 -0.000 -0.881 0.500 -0.015 0.000
0.660 -25.330 -0.751 0.000 0.981 0.196 0.923 0.384 -0.000 -0.000 -0.000 -0.000 -0.881 0.500 -0.015 0.000
0.661 -25.430 -0.681 0.000 0.956 0.293 0.828 0.561 -0.000 -0.000 -0.000 -0.000 -0.881 0.500 -0.015 0.000
0.662 -25.530 -0.605 0.000 0.922 0.387 0.701 0.713 -0.000 -0.000 -0.000 -0.000 -0.881 0.500 -0.015 0.000
0.663 -25.628 -0.524 0.000 0.880 0.476 0.548 0.837 -0.000 -0.000 -0.000 -0.000 -0.881 0.500 -0.015 0.000
0.664 -25.726 -0.439 0.000 0.829 0.559 0.375 0.927 -0.000 -0.000 -0.000 -0.000 -0.881 0.500 -0.015 0.000
0.665 -25.822 -0.350 0.000 0.772 0.636 0.191 0.982 -0.000 -0.000 -0.000 -0.000 -0.881 0.500 -0.015 0.000
0.666 -25.918 -0.259 0.000 0.707 0.707 0.001 1.000 -0.000 -0.000 -0.000 -0.000 -0.881 0.500 -0.015 0.000
0.667 -26.012 -0.167 0.000 0.638 0.770 -0.187 0.982 -0.000 -0.000 0.000 -0.000 -0.881 0.500 -0.015 0.000
0.668 -26.106 -0.074 0.000 0.563 0.826 -0.366 0.931 -0.000 -0.000 0.000 -0.000 -0.881 0.500 -0.015 0.000
0.669 -26.198 0.018 0.000 0.484 0.875 -0.531 0.848 0.000 0.000 -0.000 0.000 -0.881 0.500 -0.015 0.000
0.670 -26.289 0.109 0.000 0.403 0.915 -0.676 0.737 0.000 0.000 -0.000 0.000 -0.881 0.500 -0.015 0.000
0.671 -26.379 0.198 0.000 0.318 0.948 -0.797 0.604 0.000 0.000 -0.000 0.000 -0.881 0.500 -0.015 0.000
0.672 -26.469 0.285 0.000 0.233 0.973 -0.892 0.453 0.000 0.000 -0.000 0.000 -0.881 0.500 -0.015 0.000
0.673 -26.557 0.368 0.000 0.146 0.989 -0.957 0.289 0.000 0.000 -0.000 0.000 -0.881 0.500 -0.015 0.000
0.674 -26.644 0.448 0.000 0.059 0.998 -0.993 0.119 0.000 0.000 -0.000 0.000 -0.881 0.500 -0.015 0.000
0.675 -26.730 0.523 0.000 -0.027 1.000 -0.999 -0.053 -0.000 0.000 -0.000 -0.000 -0.881 0.500 -0.015 0.000
0.676 -26.815 0.593 0.000 -0.111 0.994 -0.975 -0.222 -0.000 0.000 -0.000 -0.000 -0.881 0.500 -0.015 0.000
0.677 -26.899 0.659 0.000 -0.194 0.981 -0.924 -0.381 -0.000 0.000 -0.000 -0.000 -0.881 0.500 -0.015 0.000
0.678 -26.982 0.719 0.000 -0.275 0.961 -0.849 -0.529 -0.000 0.000 -0.000 -0.000 -0.881 0.500 -0.015 0.000
0.679 -27.064 0.773 0.000 -0.353 0.936 -0.751 -0.660 -0.000 0.000 -0.000 -0.000 -0.881 0.500 -0.015 0.000
0.680 -27.145 0.822 0.000 -0.427 0.904 -0.635 -0.772 -0.000 0.000 -0.000 -0.000 -0.881 0.500 -0.015 0.000
0.681 -27.225 0.865 0.000 -0.498 0.867 -0.505 -0.863 -0.000 0.000 -0.000 -0.000 -0.881 0.500 -0.015 0.000
0.682 -27.303 0.902 0.000 -0.564 0.826 -0.363 -0.932 -0.000 0.000 -0.000 -0.000 -0.881 0.500 -0.015 0.000
0.683 -27.381 0.932 0.000 -0.627 0.779 -0.215 -0.977 -0.000 0.000 -0.000 -0.000 -0.881 0.500 -0.015 0.000
0.684 -27.457 0.957 0.000 -0.684 0.729 -0.063 -0.998 -0.000 0.000 -0.000 -0.000 -0.881 0.500 -0.015 0.000
0.685 -27.533 0.976 0.000 -0.737 0.676 0.087 -0.996 -0.000 0.000 0.000 -0.000 -0.881 0.500 -0.015 0.000
0.686 -27.607 0.990 0.000 -0.785 0.619 0.234 -0.972 -0.000 0.000 0.000 -0.000 -0.881 0.500 -0.015 0.000
0.687 -27.680 0.998 0.000 -0.829 0.560 0.373 -0.928 -0.000 0.000 0.000 -0.000 -0.881 0.500 -0.015 0.000
0.688 -27.752 1.000 0.000 -0.867 0.499 0.503 -0.864 -0.000 0.000 0.000 -0.000 -0.881 0.500 -0.015 0.000
0.689 -27.823 0.997 0.000 -0.900 0.436 0.620 -0.785 -0.000 0.000 0.000 -0.000 -0.881 0.500 -0.015 0.000
0.690 -27.893 0.990 0.000 -0.928 0.372 0.723 -0.690 -0.000 0.000 0.000 -0.000 -0.881 0.500 -0.015 0.000
0.691 -27.962 0.978 0.000 -0.952 0.307 0.811 -0.585 -0.000 0.000 0.000 -0.000 -0.881 0.500 -0.015 0.000
0.692 -28.030 0.961 0.000 -0.970 0.242 0.883 -0.470 -0.000 0.000 0.000 -0.000 -0.881 0.500 -0.015 0.000
0.693 -28.096 0.941 0.000 -0.984 0.177 0.937 -0.348 -0.000 0.000 0.000 -0.000 -0.881 0.500 -0.015 0.000
0.694 -28.162 0.917 0.000 -0.994 0.112 0.975 -0.223 -0.000 0.000 0.000 -0.000 -0.881 0.500 -0.015 0.000
0.695 -28.226 0.889 0.000 -0.999 0.048 0.995 -0.096 -0.000 0.000 0.000 -0.000 -0.881 0.500 -0.015 0.000
0.696 -28.290 0.858 0.000 -1.000 -0.015 1.000 0.031 -0.000 -0.000 0.000 0.000 -0.881 0.500 -0.015 0.000
0.697 -28.352 0.825 0.000 -0.997 -0.077 0.988 0.154 -0.000 -0.000 0.000 0.000 -0.881 0.500 -0.015 0.000
0.698 -28.413 0.789 0.000 -0.990 -0.138 0.962 0.274 -0.000 -0.000 0.000 0.000 -0.881 0.500 -0.015 0.000
0.699 -28.473 0.750 0.000 -0.980 -0.197 0.922 0.387 -0.000 -0.000 0.000 0.000 -0.881 0.500 -0.015 0.000
0.700 -28.532 0.710 0.000 -0.967 -0.255 0.870 0.492 -0.000 -0.000 0.000 0.000 -0.881 0.500 -0.015 0.000
0.701 -28.589 0.668 0.000 -0.951 -0.310 0.808 0.589 -0.000 -0.000 0.000 0.000 -0.881 0.500 -0.015 0.000
0.702 -28.646 0.625 0.000 -0.932 -0.363 0.736 0.677 -0.000 -0.000 0.000 0.000 -0.881 0.500 -0.015 0.000
0.703 -28.701 0.581 0.000 -0.910 -0.414 0.657 0.754 -0.000 -0.000 0.000 0.000 -0.881 0.500 -0.015 0.000
0.704 -28.756 0.536 0.000 -0.886 -0.463 0.571 0.821 -0.000 -0.000 0.000 0.000 -0.881 0.500 -0.015 0.000
0.705 -28.809 0.491 0.000 -0.861 -0.509 0.481 0.877 -0.000 -0.000 0.000 0.000 -0.881 0.500 -0.015 0.000
0.706 -28.861 0.445 0.000 -0.833 -0.553 0.387 0.922 -0.000 -0.000 0.000 0.000 -0.881 0.500 -0.015 0.000
0.707 -28.912 0.398 0.000 -0.804 -0.595 0.292 0.956 -0.000 -0.000 0.000 0.000 -0.881 0.500 -0.015 0.000
0.708 -28.961 0.352 0.000 -0.773 -0.634 0.195 0.981 -0.000 -0.000 0.000 0.000 -0.881 0.500 -0.015 0.000
0.709 -29.010 0.306 0.000 -0.741 -0.671 0.099 0.995 -0.000 -0.000 0.000 0.000 -0.881 0.500 -0.015 0.000
0.710 -29.057 0.261 0.000 -0.709 -0.706 0.004 1.000 -0.000 -0.000 0.000 0.000 -0.881 0.500 -0.015 0.000
0.711 -29.104 0.216 0.000 -0.675 -0.738 -0.088 0.996 -0.000 -0.000 -0.000 0.000 -0.881 0.500 -0.015 0.000
0.712 -29.149 0.172 0.000 -0.641 -0.767 -0.177 0.984 -0.000 -0.000 -0.000 0.000 -0.881 0.500 -0.015 0.000
0.713 -29.193 0.128 0.000 -0.607 -0.795 -0.263 0.965 -0.000 -0.000 -0.000 0.000 -0.881 0.500 -0.015 0.000
0.714 -29.236 0.086 0.000 -0.572 -0.820 -0.345 0.939 -0.000 -0.000 -0.000 0.000 -0.881 0.500 -0.015 0.000
0.715 -29.278 0.044 0.000 -0.538 -0.843 -0.422 0.907 -0.000 -0.000 -0.000 0.000 -0.881 0.500 -0.015 0.000
0.716 -29.318 0.003 0.000 -0.503 -0.864 -0.494 0.869 -0.000 -0.000 -0.000 0.000 -0.881 0.500 -0.015 0.000
0.717 -29.357 -0.036 0.000 -0.469 -0.883 -0.561 0.828 0.000 0.000 0.000 -0.000 -0.881 0.500 -0.015 0.000
0.718 -29.396 -0.074 0.000 -0.434 -0.901 -0.622 0.783 0.000 0.000 0.000 -0.000 -0.881 0.500 -0.015 0.000
0.719 -29.433 -0.111 0.000 -0.401 -0.916 -0.679 0.734 0.000 0.000 0.000 -0.000 -0.881 0.500 -0.015 0.000
0.720 -29.469 -0.147 0.000 -0.368 -0.930 -0.730 0.684 0.000 0.000 0.000 -0.000 -0.881 0.500 -0.015 0.000
0.721 -29.503 -0.181 0.000 -0.335 -0.942 -0.775 0.632 0.000 0.000 0.000 -0.000 -0.881 0.500 -0.015 0.000
0.722 -29.537 -0.214 0.000 -0.303 -0.953 -0.816 0.578 0.000 0.000 0.000 -0.000 -0.881 0.500 -0.015 0.000
0.723 -29.569 -0.245 0.000 -0.272 -0.962 -0.852 0.524 0.000 0.000 0.000 -0.000 -0.881 0.500 -0.015 0.000
0.724 -29.601 -0.275 0.000 -0.242 -0.970 -0.883 0.470 0.000 0.000 0.000 -0.000 -0.881 0.500 -0.015 0.000
0.725 -29.631 -0.304 0.000 -0.213 -0.977 -0.909 0.416 0.000 0.000 0.000 -0.000 -0.881 0.500 -0.015 0.000
0.726 -29.660 -0.332 0.000 -0.185 -0.983 -0.932 0.363 0.000 0.000 0.000 -0.000 -0.881 0.500 -0.015 0.000
0.727 -29.687 -0.358 0.000 -0.157 -0.988 -0.951 0.310 0.000 0.000 0.000 -0.000 -0.881 0.500 -0.015 0.000
0.728 -29.714 -0.382 0.000 -0.131 -0.991 -0.966 0.260 0.000 0.000 0.000 -0.000 -0.881 0.500 -0.015 0.000
0.729 -29.739 -0.406 0.000 -0.106 -0.994 -0.978 0.210 0.000 0.000 0.000 -0.000 -0.881 0.500 -0.015 0.000
0.730 -29.763 -0.428 0.000 -0.082 -0.997 -0.987 0.163 0.000 0.000 0.000 -0.000 -0.881 0.500 -0.015 0.000
0.731 -29.786 -0.448 0.000 -0.059 -0.998 -0.993 0.117 0.000 0.000 0.000 -0.000 -0.881 0.500 -0.015 0.000
0.732 -29.808 -0.468 0.000 -0.037 -0.999 -0.997 0.074 0.000 0.000 0.000 -0.000 -0.881 0.500 -0.015 0.000
0.733 -29.829 -0.486 0.000 -0.016 -1.000 -0.999 0.032 0.000 0.000 0.000 -0.000 -0.881 0.500 -0.015 0.000
0.734 -29.849 -0.503 0.000 0.003 -1.000 -1.000 -0.007 -0.000 0.000 0.000 0.000 -0.881 0.500 -0.015 0.000
0.735 -29.867 -0.519 0.000 0.022 -1.000 -0.999 -0.043 -0.000 0.000 0.000 0.000 -0.881 0.500 -0.015 0.000
0.736 -29.884 -0.533 0.000 0.039 -0.999 -0.997 -0.078 -0.000 0.000 0.000 0.000 -0.881 0.500 -0.015 0.000
0.737 -29.900 -0.547 0.000 0.055 -0.998 -0.994 -0.109 -0.000 0.000 0.000 0.000 -0.881 0.500 -0.015 0.000
0.738 -29.915 -0.559 0.000 0.070 -0.998 -0.990 -0.139 -0.000 0.000 0.000 0.000 -0.881 0.500 -0.015 0.000
0.739 -29.928 -0.570 0.000 0.083 -0.997 -0.986 -0.166 -0.000 0.000 0.000 0.000 -0.881 0.500 -0.015 0.000
0.740 -29.941 -0.580 0.000 0.096 -0.995 -0.982 -0.190 -0.000 0.000 0.000 0.000 -0.881 0.500 -0.015 0.000
0.741 -29.952 -0.590 0.000 0.107 -0.994 -0.977 -0.212 -0.000 0.000 0.000 0.000 -0.881 0.500 -0.015 0.000
0.742 -29.962 -0.598 0.000 0.117 -0.993 -0.973 -0.232 -0.000 0.000 0.000 0.000 -0.881 0.500 -0.015 0.000
0.743 -29.971 -0.605 0.000 0.126 -0.992 -0.968 -0.249 -0.000 0.000 0.000 0.000 -0.881 0.500 -0.015 0.000
0.744 -29.979 -0.611 0.000 0.133 -0.991 -0.965 -0.264 -0.000 0.000 0.000 0.000 -0.881 0.500 -0.015 0.000
0.745 -29.985 -0.616 0.000 0.140 -0.990 -0.961 -0.276 -0.000 0.000 0.000 0.000 -0.881 0.500 -0.015 0.000
0.746 -29.991 -0.620 0.000 0.145 -0.989 -0.958 -0.287 -0.000 0.000 0.000 0.000 -0.881 0.500 -0.015 0.000
0.747 -29.995 -0.623 0.000 0.149 -0.989 -0.956 -0.295 -0.000 0.000 0.000 0.000 -0.881 0.500 -0.015 0.000
0.748 -29.998 -0.626 0.000 0.152 -0.988 -0.954 -0.300 -0.000 0.000 0.000 0.000 -0.881 0.500 -0.015 0.000
0.749 -29.999 -0.627 0.000 0.154 -0.988 -0.953 -0.304 -0.000 0.000 0.000 0.000 -0.881 0.500 -0.015 0.000
0.750 -30.000 -0.628 0.000 0.154 -0.988 -0.952 -0.305 -0.000 0.000 0.000 0.000 -0.881 0.500 -0.015 0.000
0.751 -29.999 -0.627 0.000 0.154 -0.988 -0.953 -0.304 -0.000 0.000 0.000 0.000 -0.881 0.500 -0.015 0.000
0.752 -29.998 -0.626 0.000 0.152 -0.988 -0.954 -0.300 -0.000 0.000 0.000 0.000 -0.881 0.500 -0.015 0.000
0.753 -29.995 -0.623 0.000 0.149 -0.989 -0.956 -0.295 -0.000 0.000 0.000 0.000 -0.881 0.500 -0.015 0.000
0.754 -29.991 -0.620 0.000 0.145 -0.989 -0.958 -0.287 -0.000 0.000 0.000 0.000 -0.881 0.500 -0.015 0.000
0.755 -29.985 -0.616 0.000 0.140 -0.990 -0.961 -0.276 -0.000 0.000 0.000 0.000 -0.881 0.500 -0.015 0.000
0.756 -29.979 -0.611 0.000 0.133 -0.991 -0.965 -0.264 -0.000 0.000 0.000 0.000 -0.881 0.500 -0.015 0.000
0.757 -29.971 -0.605 0.000 0.126 -0.992 -0.968 -0.249 -0.000 0.000 0.000 0.000 -0.881 0.500 -0.015 0.000
0.758 -29.962 -0.598 0.000 0.117 -0.993 -0.973 -0.232 -0.000 0.000 0.000 0.000 -0.881 0.500 -0.015 0.000
0.759 -29.952 -0.590 0.000 0.107 -0.994 -0.977 -0.212 -0.000 0.000 0.000 0.000 -0.881 0.500 -0.015 0.000
0.760 -29.941 -0.580 0.000 0.096 -0.995 -0.982 -0.190 -0.000 0.000 0.000 0.000 -0.881 0.500 -0.015 0.000
0.761 -29.928 -0.570 0.000 0.083 -0.997 -0.986 -0.166 -0.000 0.000 0.000 0.000 -0.881 0.500 -0.015 0.000
0.762 -29.915 -0.559 0.000 0.070 -0.998 -0.990 -0.139 -0.000 0.000 0.000 0.000 -0.881 0.500 -0.015 0.000
0.763 -29.900 -0.547 0.000 0.055 -0.998 -0.994 -0.109 -0.000 0.000 0.000 0.000 -0.881 0.500 -0.015 0.000
0.764 -29.884 -0.533 0.000 0.039 -0.999 -0.997 -0.078 -0.000 0.000 0.000 0.000 -0.881 0.500 -0.015 0.000
0.765 -29.867 -0.519 0.000 0.022 -1.000 -0.999 -0.043 -0.000 0.000 0.000 0.000 -0.881 0.500 -0.015 0.000
0.766 -29.849 -0.503 0.000 0.003 -1.000 -1.000 -0.007 -0.000 0.000 0.000 0.000 -0.881 0.500 -0.015 0.000
0.767 -29.829 -0.486 0.000 -0.016 -1.000 -0.999 0.032 0.000 0.000 0.000 -0.000 -0.881 0.500 -0.015 0.000
0.768 -29.808 -0.468 0.000 -0.037 -0.999 -0.997 0.074 0.000 0.000 0.000 -0.000 -0.881 0.500 -0.015 0.000
0.769 -29.786 -0.448 0.000 -0.059 -0.998 -0.993 0.117 0.000 0.000 0.000 -0.000 -0.881 0.500 -0.015 0.000
0.770 -29.763 -0.428 0.000 -0.082 -0.997 -0.987 0.163 0.000 0.000 0.000 -0.000 -0.881 0.500 -0.015 0.000
0.771 -29.739 -0.406 0.000 -0.106 -0.994 -0.978 0.210 0.000 0.000 0.000 -0.000 -0.881 0.500 -0.015 0.000
0.772 -29.714 -0.382 0.000 -0.131 -0.991 -0.966 0.260 0.000 0.000 0.000 -0.000 -0.881 0.500 -0.015 0.000
0.773 -29.687 -0.358 0.000 -0.157 -0.988 -0.951 0.310 0.000 0.000 0.000 -0.000 -0.881 0.500 -0.015 0.000
0.774 -29.660 -0.332 0.000 -0.185 -0.983 -0.932 0.363 0.000 0.000 0.000 -0.000 -0.881 0.500 -0.015 0.000
0.775 -29.631 -0.304 0.000 -0.213 -0.977 -0.909 0.416 0.000 0.000 0.000 -0.000 -0.881 0.500 -0.015 0.000
0.776 -29.601 -0.275 0.000 -0.242 -0.970 -0.883 0.470 0.000 0.000 0.000 -0.000 -0.881 0.500 -0.015 0.000
0.777 -29.569 -0.245 0.000 -0.272 -0.962 -0.852 0.524 0.000 0.000 0.000 -0.000 -0.881 0.500 -0.015 0.000
0.778 -29.537 -0.214 0.000 -0.303 -0.953 -0.816 0.578 0.000 0.000 0.000 -0.000 -0.881 0.500 -0.015 0.000
0.779 -29.503 -0.181 0.000 -0.335 -0.942 -0.775 0.632 0.000 0.000 0.000 -0.000 -0.881 0.500 -0.015 0.000
0.780 -29.469 -0.147 0.000 -0.368 -0.930 -0.730 0.684 0.000 0.000 0.000 -0.000 -0.881 0.500 -0.015 0.000
0.781 -29.433 -0.111 0.000 -0.401 -0.916 -0.679 0.734 0.000 0.000 0.000 -0.000 -0.881 0.500 -0.015 0.000
0.782 -29.396 -0.074 0.000 -0.434 -0.901 -0.622 0.783 0.000 0.000 0.000 -0.000 -0.881 0.500 -0.015 0.000
0.783 -29.357 -0.036 0.000 -0.469 -0.883 -0.561 0.828 0.000 0.000 0.000 -0.000 -0.881 0.500 -0.015 0.000
0.784 -29.318 0.003 0.000 -0.503 -0.864 -0.494 0.869 -0.000 -0.000 -0.000 0.000 -0.881 0.500 -0.015 0.000
0.785 -29.278 0.044 0.000 -0.538 -0.843 -0.422 0.907 -0.000 -0.000 -0.000 0.000 -0.881 0.500 -0.015 0.000
0.786 -29.236 0.086 0.000 -0.572 -0.820 -0.345 0.939 -0.000 -0.000 -0.000 0.000 -0.881 0.500 -0.015 0.000
0.787 -29.193 0.128 0.000 -0.607 -0.795 -0.263 0.965 -0.000 -0.000 -0.000 0.000 -0.881 0.500 -0.015 0.000
0.788 -29.149 0.172 0.000 -0.641 -0.767 -0.177 0.984 -0.000 -0.000 -0.000 0.000 -0.881 0.500 -0.015 0.000
0.789 -29.104 0.216 0.000 -0.675 -0.738 -0.088 0.996 -0.000 -0.000 -0.000 0.000 -0.881 0.500 -0.015 0.000
0.790 -29.057 0.261 0.000 -0.709 -0.706 0.004 1.000 -0.000 -0.000 0.000 0.000 -0.881 0.500 -0.015 0.000
0.791 -29.010 0.306 0.000 -0.741 -0.671 0.099 0.995 -0.000 -0.000 0.000 0.000 -0.881 0.500 -0.015 0.000
0.792 -28.961 0.352 0.000 -0.773 -0.634 0.195 0.981 -0.000 -0.000 0.000 0.000 -0.881 0.500 -0.015 0.000
0.793 -28.912 0.398 0.000 -0.804 -0.595 0.292 0.956 -0.000 -0.000 0.000 0.000 -0.881 0.500 -0.015 0.000
0.794 -28.861 0.445 0.000 -0.833 -0.553 0.387 0.922 -0.000 -0.000 0.000 0.000 -0.881 0.500 -0.015 0.000
0.795 -28.809 0.491 0.000 -0.861 -0.509 0.481 0.877 -0.000 -0.000 0.000 0.000 -0.881 0.500 -0.015 0.000
0.796 -28.756 0.536 0.000 -0.886 -0.463 0.571 0.821 -0.000 -0.000 0.000 0.000 -0.881 0.500 -0.015 0.000
0.797 -28.701 0.581 0.000 -0.910 -0.414 0.657 0.754 -0.000 -0.000 0.000 0.000 -0.881 0.500 -0.015 0.000
0.798 -28.646 0.625 0.000 -0.932 -0.363 0.736 0.677 -0.000 -0.000 0.000 0.000 -0.881 0.500 -0.015 0.000
0.799 -28.589 0.668 0.000 -0.951 -0.310 0.808 0.589 -0.000 -0.000 0.000 0.000 -0.881 0.500 -0.015 0.000
0.800 -28.532 0.710 0.000 -0.967 -0.255 0.870 0.492 -0.000 -0.000 0.000 0.000 -0.881 0.500 -0.015 0.000
0.801 -28.473 0.750 0.000 -0.980 -0.197 0.922 0.387 -0.000 -0.000 0.000 0.000 -0.881 0.500 -0.015 0.000
0.802 -28.413 0.789 0.000 -0.990 -0.138 0.962 0.274 -0.000 -0.000 0.000 0.000 -0.881 0.500 -0.015 0.000
0.803 -28.352 0.825 0.000 -0.997 -0.077 0.988 0.154 -0.000 -0.000 0.000 0.000 -0.881 0.500 -0.015 0.000
0.804 -28.290 0.858 0.000 -1.000 -0.015 1.000 0.031 -0.000 -0.000 0.000 0.000 -0.881 0.500 -0.015 0.000
0.805 -28.226 0.889 0.000 -0.999 0.048 0.995 -0.096 -0.000 0.000 0.000 -0.000 -0.881 0.500 -0.015 0.000
0.806 -28.162 0.917 0.000 -0.994 0.112 0.975 -0.223 -0.000 0.000 0.000 -0.000 -0.881 0.500 -0.015 0.000
0.807 -28.096 0.941 0.000 -0.984 0.177 0.937 -0.348 -0.000 0.000 0.000 -0.000 -0.881 0.500 -0.015 0.000
0.808 -28.030 0.961 0.000 -0.970 0.242 0.883 -0.470 -0.000 0.000 0.000 -0.000 -0.881 0.500 -0.015 0.000
0.809 -27.962 0.978 0.000 -0.952 0.307 0.811 -0.585 -0.000 0.000 0.000 -0.000 -0.881 0.500 -0.015 0.000
0.810 -27.893 0.990 0.000 -0.928 0.372 0.723 -0.690 -0.000 0.000 0.000 -0.000 -0.881 0.500 -0.015 0.000
0.811 -27.823 0.997 0.000 -0.900 0.436 0.620 -0.785 -0.000 0.000 0.000 -0.000 -0.881 0.500 -0.015 0.000
0.812 -27.752 1.000 0.000 -0.867 0.499 0.503 -0.864 -0.000 0.000 0.000 -0.000 -0.881 0.500 -0.015 0.000
0.813 -27.680 0.998 0.000 -0.829 0.560 0.373 -0.928 -0.000 0.000 0.000 -0.000 -0.881 0.500 -0.015 0.000
0.814 -27.607 0.990 0.000 -0.785 0.619 0.234 -0.972 -0.000 0.000 0.000 -0.000 -0.881 0.500 -0.015 0.000
0.815 -27.533 0.976 0.000 -0.737 0.676 0.087 -0.996 -0.000 0.000 0.000 -0.000 -0.881 0.500 -0.015 0.000
0.816 -27.457 0.957 0.000 -0.684 0.729 -0.063 -0.998 -0.000 0.000 -0.000 -0.000 -0.881 0.500 -0.015 0.000
0.817 -27.381 0.932 0.000 -0.627 0.779 -0.215 -0.977 -0.000 0.000 -0.000 -0.000 -0.881 0.500 -0.015 0.000
0.818 -27.303 0.902 0.000 -0.564 0.826 -0.363 -0.932 -0.000 0.000 -0.000 -0.000 -0.881 0.500 -0.015 0.000
0.819 -27.225 0.865 0.000 -0.498 0.867 -0.505 -0.863 -0.000 0.000 -0.000 -0.000 -0.881 0.500 -0.015 0.000
0.820 -27.145 0.822 0.000 -0.427 0.904 -0.635 -0.772 -0.000 0.000 -0.000 -0.000 -0.881 0.500 -0.015 0.000
0.821 -27.064 0.773 0.000 -0.353 0.936 -0.751 -0.660 -0.000 0.000 -0.000 -0.000 -0.881 0.500 -0.015 0.000
0.822 -26.982 0.719 0.000 -0.275 0.961 -0.849 -0.529 -0.000 0.000 -0.000 -0.000 -0.881 0.500 -0.015 0.000
0.823 -26.899 0.659 0.000 -0.194 0.981 -0.924 -0.381 -0.000 0.000 -0.000 -0.000 -0.881 0.500 -0.015 0.000
0.824 -26.815 0.593 0.000 -0.111 0.994 -0.975 -0.222 -0.000 0.000 -0.000 -0.000 -0.881 0.500 -0.015 0.000
0.825 -26.730 0.523 0.000 -0.027 1.000 -0.999 -0.053 -0.000 0.000 -0.000 -0.000 -0.881 0.500 -0.015 0.000
0.826 -26.644 0.448 0.000 0.059 0.998 -0.993 0.119 0.000 0.000 -0.000 0.000 -0.881 0.500 -0.015 0.000
0.827 -26.557 0.368 0.000 0.146 0.989 -0.957 0.289 0.000 0.000 -0.000 0.000 -0.881 0.500 -0.015 0.000
0.828 -26.469 0.285 0.000 0.233 0.973 -0.892 0.453 0.000 0.000 -0.000 0.000 -0.881 0.500 -0.015 0.000
0.829 -26.379 0.198 0.000 0.318 0.948 -0.797 0.604 0.000 0.000 -0.000 0.000 -0.881 0.500 -0.015 0.000
0.830 -26.289 0.109 0.000 0.403 0.915 -0.676 0.737 0.000 0.000 -0.000 0.000 -0.881 0.500 -0.015 0.000
0.831 -26.198 0.018 0.000 0.484 0.875 -0.531 0.848 0.000 0.000 -0.000 0.000 -0.881 0.500 -0.015 0.000
0.832 -26.106 -0.074 0.000 0.563 0.826 -0.366 0.931 -0.000 -0.000 0.000 -0.000 -0.881 0.500 -0.015 0.000
0.833 -26.012 -0.167 0.000 0.638 0.770 -0.187 0.982 -0.000 -0.000 0.000 -0.000 -0.881 0.500 -0.015 0.000
0.834 -25.918 -0.259 0.000 0.707 0.707 0.001 1.000 -0.000 -0.000 -0.000 -0.000 -0.881 0.500 -0.015 0.000
0.835 -25.822 -0.350 0.000 0.772 0.636 0.191 0.982 -0.000 -0.000 -0.000 -0.000 -0.881 0.500 -0.015 0.000
0.836 -25.726 -0.439 0.000 0.829 0.559 0.375 0.927 -0.000 -0.000 -0.000 -0.000 -0.881 0.500 -0.015 0.000
0.837 -25.628 -0.524 0.000 0.880 0.476 0.548 0.837 -0.000 -0.000 -0.000 -0.000 -0.881 0.500 -0.015 0.000
0.838 -25.530 -0.605 0.000 0.922 0.387 0.701 0.713 -0.000 -0.000 -0.000 -0.000 -0.881 0.500 -0.015 0.000
0.839 -25.430 -0.681 0.000 0.956 0.293 0.828 0.561 -0.000 -0.000 -0.000 -0.000 -0.881 0.500 -0.015 0.000
0.840 -25.330 -0.751 0.000 0.981 0.196 0.923 0.384 -0.000 -0.000 -0.000 -0.000 -0.881 0.500 -0.015 0.000
0.841 -25.228 -0.814 0.000 0.995 0.095 0.982 0.190 -0.000 -0.000 -0.000 -0.000 -0.881 0.500 -0.015 0.000
0.842 -25.126 -0.869 0.000 1.000 -0.007 1.000 -0.014 -0.000 0.000 -0.000 0.000 -0.881 0.500 -0.015 0.000
0.843 -25.022 -0.916 0.000 0.994 -0.110 0.976 -0.219 -0.000 0.000 -0.000 0.000 -0.881 0.500 -0.015 0.000
0.844 -24.918 -0.953 0.000 0.977 -0.213 0.909 -0.417 -0.000 0.000 -0.000 0.000 -0.881 0.500 -0.015 0.000
0.845 -24.812 -0.979 0.000 0.949 -0.315 0.802 -0.598 -0.000 0.000 -0.000 0.000 -0.881 0.500 -0.015 0.000
0.846 -24.706 -0.995 0.000 0.910 -0.414 0.657 -0.754 -0.000 0.000 -0.000 0.000 -0.881 0.500 -0.015 0.000
0.847 -24.599 -1.000 0.000 0.861 -0.509 0.482 -0.876 -0.000 0.000 -0.000 0.000 -0.881 0.500 -0.015 0.000
0.848 -24.490 -0.993 0.000 0.801 -0.599 0.282 -0.959 -0.000 0.000 -0.000 0.000 -0.881 0.500 -0.015 0.000
0.849 -24.381 -0.974 0.000 0.730 -0.683 0.067 -0.998 -0.000 0.000 -0.000 0.000 -0.881 0.500 -0.015 0.000
0.850 -24.271 -0.943 0.000 0.651 -0.759 -0.153 -0.988 -0.000 0.000 0.000 0.000 -0.881 0.500 -0.015 0.000
0.851 -24.159 -0.900 0.000 0.562 -0.827 -0.367 -0.930 -0.000 0.000 0.000 0.000 -0.881 0.500 -0.015 0.000
0.852 -24.047 -0.846 0.000 0.466 -0.885 -0.565 -0.825 -0.000 0.000 0.000 0.000 -0.881 0.500 -0.015 0.000
0.853 -23.934 -0.781 0.000 0.363 -0.932 -0.736 -0.677 -0.000 0.000 0.000 0.000 -0.881 0.500 -0.015 0.000
0.854 -23.820 -0.704 0.000 0.255 -0.967 -0.870 -0.493 -0.000 0.000 0.000 0.000 -0.881 0.500 -0.015 0.000
0.855 -23.705 -0.618 0.000 0.142 -0.990 -0.960 -0.282 -0.000 0.000 0.000 0.000 -0.881 0.500 -0.015 0.000
0.856 -23.589 -0.523 0.000 0.027 -1.000 -0.999 -0.053 -0.000 0.000 0.000 0.000 -0.881 0.500 -0.015 0.000
0.857 -23.472 -0.420 0.000 -0.090 -0.996 -0.984 0.179 0.000 0.000 0.000 -0.000 -0.881 0.500 -0.015 0.000
0.858 -23.354 -0.310 0.000 -0.207 -0.978 -0.915 0.404 0.000 0.000 0.000 -0.000 -0.881 0.500 -0.015 0.000
0.859 -23.235 -0.195 0.000 -0.321 -0.947 -0.794 0.608 0.000 0.000 0.000 -0.000 -0.881 0.500 -0.015 0.000
0.860 -23.115 -0.077 0.000 -0.432 -0.902 -0.627 0.779 0.000 0.000 0.000 -0.000 -0.881 0.500 -0.015 0.000
0.861 -22.995 0.044 0.000 -0.537 -0.843 -0.423 0.906 -0.000 -0.000 -0.000 0.000 -0.881 0.500 -0.015 0.000
0.862 -22.873 0.164 0.000 -0.636 -0.772 -0.192 0.981 -0.000 -0.000 -0.000 0.000 -0.881 0.500 -0.015 0.000
0.863 -22.751 0.284 0.000 -0.725 -0.689 0.051 0.999 -0.000 -0.000 0.000 0.000 -0.881 0.500 -0.015 0.000
0.864 -22.628 0.399 0.000 -0.804 -0.594 0.294 0.956 -0.000 -0.000 0.000 0.000 -0.881 0.500 -0.015 0.000
0.865 -22.503 0.510 0.000 -0.872 -0.490 0.520 0.854 -0.000 -0.000 0.000 0.000 -0.881 0.500 -0.015 0.000
0.866 -22.378 0.613 0.000 -0.926 -0.377 0.715 0.699 -0.000 -0.000 0.000 0.000 -0.881 0.500 -0.015 0.000
0.867 -22.252 0.708 0.000 -0.966 -0.258 0.867 0.499 -0.000 -0.000 0.000 0.000 -0.881 0.500 -0.015 0.000
0.868 -22.125 0.791 0.000 -0.991 -0.134 0.964 0.265 -0.000 -0.000 0.000 0.000 -0.881 0.500 -0.015 0.000
0.869 -21.998 0.863 0.000 -1.000 -0.007 1.000 0.013 -0.000 -0.000 0.000 0.000 -0.881 0.500 -0.015 0.000
0.870 -21.869 0.920 0.000 -0.993 0.122 0.970 -0.242 -0.000 0.000 0.000 -0.000 -0.881 0.500 -0.015 0.000
0.871 -21.740 0.963 0.000 -0.969 0.249 0.876 -0.482 -0.000 0.000 0.000 -0.000 -0.881 0.500 -0.015 0.000
0.872 -21.609 0.990 0.000 -0.928 0.373 0.722 -0.692 -0.000 0.000 0.000 -0.000 -0.881 0.500 -0.015 0.000
0.873 -21.478 1.000 0.000 -0.871 0.491 0.518 -0.855 -0.000 0.000 0.000 -0.000 -0.881 0.500 -0.015 0.000
0.874 -21.346 0.993 0.000 -0.799 0.601 0.277 -0.961 -0.000 0.000 0.000 -0.000 -0.881 0.500 -0.015 0.000
0.875 -21.213 0.968 0.000 -0.712 0.702 0.015 -1.000 -0.000 0.000 0.000 -0.000 -0.881 0.500 -0.015 0.000
0.876 -21.079 0.926 0.000 -0.612 0.791 -0.250 -0.968 -0.000 0.000 -0.000 -0.000 -0.881 0.500 -0.015 0.000
0.877 -20.945 0.867 0.000 -0.501 0.866 -0.498 -0.867 -0.000 0.000 -0.000 -0.000 -0.881 0.500 -0.015 0.000
0.878 -20.810 0.791 0.000 -0.379 0.925 -0.712 -0.702 -0.000 0.000 -0.000 -0.000 -0.881 0.500 -0.015 0.000
0.879 -20.673 0.701 0.000 -0.250 0.968 -0.875 -0.485 -0.000 0.000 -0.000 -0.000 -0.881 0.500 -0.015 0.000
0.880 -20.536 0.597 0.000 -0.116 0.993 -0.973 -0.230 -0.000 0.000 -0.000 -0.000 -0.881 0.500 -0.015 0.000
0.881 -20.399 0.481 0.000 0.022 1.000 -0.999 0.043 0.000 0.000 -0.000 0.000 -0.881 0.500 -0.015 0.000
0.882 -20.260 0.355 0.000 0.160 0.987 -0.949 0.315 0.000 0.000 -0.000 0.000 -0.881 0.500 -0.015 0.000
0.883 -20.121 0.222 0.000 0.295 0.955 -0.826 0.564 0.000 0.000 -0.000 0.000 -0.881 0.500 -0.015 0.000
0.884 -19.980 0.084 0.000 0.426 0.905 -0.637 0.771 0.000 0.000 -0.000 0.000 -0.881 0.500 -0.015 0.000
0.885 -19.839 -0.057 0.000 0.549 0.836 -0.398 0.918 -0.000 -0.000 0.000 -0.000 -0.881 0.500 -0.015 0.000
0.886 -19.698 -0.198 0.000 0.661 0.750 -0.125 0.992 -0.000 -0.000 0.000 -0.000 -0.881 0.500 -0.015 0.000
0.887 -19.555 -0.335 0.000 0.761 0.648 0.159 0.987 -0.000 -0.000 -0.000 -0.000 -0.881 0.500 -0.015 0.000
0.888 -19.412 -0.466 0.000 0.846 0.533 0.432 0.902 -0.000 -0.000 -0.000 -0.000 -0.881 0.500 -0.015 0.000
0.889 -19.268 -0.588 0.000 0.914 0.406 0.670 0.742 -0.000 -0.000 -0.000 -0.000 -0.881 0.500 -0.015 0.000
0.890 -19.123 -0.699 0.000 0.963 0.270 0.854 0.520 -0.000 -0.000 -0.000 -0.000 -0.881 0.500 -0.015 0.000
0.891 -18.977 -0.795 0.000 0.992 0.127 0.968 0.252 -0.000 -0.000 -0.000 -0.000 -0.881 0.500 -0.015 0.000
0.892 -18.831 -0.875 0.000 1.000 -0.019 0.999 -0.038 -0.000 0.000 -0.000 0.000 -0.881 0.500 -0.015 0.000
0.893 -18.684 -0.937 0.000 0.986 -0.165 0.945 -0.326 -0.000 0.000 -0.000 0.000 -0.881 0.500 -0.015 0.000
0.894 -18.536 -0.978 0.000 0.951 -0.309 0.809 -0.587 -0.000 0.000 -0.000 0.000 -0.881 0.500 -0.015 0.000
0.895 -18.387 -0.998 0.000 0.895 -0.446 0.602 -0.798 -0.000 0.000 -0.000 0.000 -0.881 0.500 -0.015 0.000
0.896 -18.238 -0.996 0.000 0.819 -0.574 0.341 -0.940 -0.000 0.000 -0.000 0.000 -0.881 0.500 -0.015 0.000
0.897 -18.088 -0.972 0.000 0.724 -0.690 0.047 -0.999 -0.000 0.000 -0.000 0.000 -0.881 0.500 -0.015 0.000
0.898 -17.937 -0.925 0.000 0.612 -0.791 -0.251 -0.968 -0.000 0.000 0.000 0.000 -0.881 0.500 -0.015 0.000
0.899 -17.786 -0.858 0.000 0.486 -0.874 -0.529 -0.849 -0.000 0.000 0.000 0.000 -0.881 0.500 -0.015 0.000
0.900 -17.634 -0.770 0.000 0.347 -0.938 -0.759 -0.652 -0.000 0.000 0.000 0.000 -0.881 0.500 -0.015 0.000
0.901 -17.481 -0.664 0.000 0.201 -0.980 -0.920 -0.393 -0.000 0.000 0.000 0.000 -0.881 0.500 -0.015 0.000
0.902 -17.327 -0.541 0.000 0.048 -0.999 -0.995 -0.097 -0.000 0.000 0.000 0.000 -0.881 0.500 -0.015 0.000
0.903 -17.173 -0.406 0.000 -0.106 -0.994 -0.978 0.210 0.000 0.000 0.000 -0.000 -0.881 0.500 -0.015 0.000
0.904 -17.018 -0.260 0.000 -0.258 -0.966 -0.867 0.498 0.000 0.000 0.000 -0.000 -0.881 0.500 -0.015 0.000
0.905 -16.863 -0.107 0.000 -0.404 -0.915 -0.673 0.740 0.000 0.000 0.000 -0.000 -0.881 0.500 -0.015 0.000
0.906 -16.706 0.049 0.000 -0.542 -0.841 -0.413 0.911 -0.000 -0.000 -0.000 0.000 -0.881 0.500 -0.015 0.000
0.907 -16.549 0.204 0.000 -0.666 -0.746 -0.112 0.994 -0.000 -0.000 -0.000 0.000 -0.881 0.500 -0.015 0.000
0.908 -16.392 0.355 0.000 -0.775 -0.632 0.202 0.979 -0.000 -0.000 0.000 0.000 -0.881 0.500 -0.015 0.000
0.909 -16.234 0.498 0.000 -0.865 -0.502 0.496 0.868 -0.000 -0.000 0.000 0.000 -0.881 0.500 -0.015 0.000
0.910 -16.075 0.629 0.000 -0.933 -0.359 0.743 0.670 -0.000 -0.000 0.000 0.000 -0.881 0.500 -0.015 0.000
0.911 -15.915 0.745 0.000 -0.979 -0.206 0.915 0.403 -0.000 -0.000 0.000 0.000 -0.881 0.500 -0.015 0.000
0.912 -15.755 0.841 0.000 -0.999 -0.047 0.996 0.094 -0.000 -0.000 0.000 0.000 -0.881 0.500 -0.015 0.000
0.913 -15.595 0.917 0.001 -0.994 0.113 0.974 -0.225 -0.001 0.000 0.001 -0.000 -0.881 0.500 -0.015 0.000
0.914 -15.433 0.969 0.001 -0.962 0.271 0.853 -0.522 -0.001 0.000 0.001 -0.000 -0.881 0.500 -0.015 0.000
0.915 -15.271 0.996 0.001 -0.906 0.423 0.642 -0.767 -0.001 0.000 0.001 -0.001 -0.881 0.500 -0.015 0.000
0.916 -15.109 0.997 0.001 -0.826 0.564 0.364 -0.932 -0.001 0.001 0.000 -0.001 -0.881 0.500 -0.015 0.000
0.917 -14.946 0.972 0.001 -0.723 0.691 0.046 -0.999 -0.001 0.001 0.000 -0.001 -0.881 0.500 -0.015 0.000
0.918 -14.782 0.920 0.001 -0.601 0.799 -0.278 -0.961 -0.001 0.001 -0.000 -0.001 -0.881 0.500 -0.015 0.000
0.919 -14.618 0.844 0.002 -0.462 0.887 -0.573 -0.820 -0.001 0.001 -0.001 -0.001 -0.881 0.500 -0.015 0.000
0.920 -14.453 0.744 0.002 -0.310 0.951 -0.808 -0.590 -0.000 0.001 -0.001 -0.001 -0.881 0.500 -0.015 0.000
0.921 -14.287 0.624 0.002 -0.149 0.989 -0.955 -0.295 -0.000 0.001 -0.001 -0.000 -0.881 0.500 -0.015 0.000
0.922 -14.121 0.486 0.002 0.016 1.000 -0.999 0.032 0.000 0.001 -0.001 0.000 -0.881 0.500 -0.015 0.000
0.923 -13.955 0.334 0.003 0.182 0.983 -0.934 0.357 0.000 0.001 -0.001 0.000 -0.881 0.500 -0.015 0.000
0.924 -13.787 0.173 0.003 0.343 0.939 -0.765 0.644 0.000 0.001 -0.000 0.000 -0.881 0.500 -0.015 0.000
0.925 -13.620 0.006 0.004 0.495 0.869 -0.511 0.860 0.000 0.000 -0.000 0.000 -0.881 0.500 -0.015 0.000
0.926 -13.451 -0.161 0.004 0.633 0.774 -0.198 0.980 -0.000 -0.001 0.000 -0.001 -0.881 0.500 -0.015 0.000
0.927 -13.283 -0.325 0.005 0.754 0.657 0.138 0.990 -0.001 -0.001 -0.000 -0.002 -0.881 0.500 -0.015 0.000
0.928 -13.113 -0.480 0.006 0.854 0.520 0.459 0.889 -0.002 -0.001 -0.001 -0.003 -0.881 0.500 -0.015 0.000
0.929 -12.944 -0.621 0.007 0.930 0.368 0.729 0.685 -0.004 -0.002 -0.003 -0.003 -0.881 0.500 -0.015 0.000
0.930 -12.773 -0.745 0.008 0.979 0.206 0.916 0.402 -0.006 -0.001 -0.005 -0.002 -0.881 0.500 -0.015 0.000
0.931 -12.603 -0.847 0.009 0.999 0.036 0.997 0.072 -0.008 -0.000 -0.008 -0.001 -0.881 0.500 -0.015 0.000
0.932 -12.431 -0.925 0.010 0.991 -0.135 0.964 -0.267 -0.010 0.001 -0.009 0.003 -0.881 0.500 -0.015 0.000
0.933 -12.259 -0.977 0.012 0.953 -0.302 0.817 -0.576 -0.011 0.004 -0.009 0.007 -0.881 0.500 -0.015 0.000
0.934 -12.087 -0.999 0.014 0.887 -0.461 0.575 -0.818 -0.012 0.006 -0.008 0.011 -0.881 0.500 -0.015 0.000
0.935 -11.914 -0.992 0.015 0.795 -0.607 0.264 -0.965 -0.012 0.009 -0.004 0.015 -0.881 0.500 -0.015 0.000
0.936 -11.741 -0.955 0.018 0.678 -0.735 -0.079 -0.997 -0.011 0.012 0.001 0.017 -0.881 0.500 -0.015 0.000
0.937 -11.568 -0.889 0.020 0.541 -0.841 -0.414 -0.910 -0.010 0.015 0.007 0.016 -0.881 0.500 -0.015 0.000
0.938 -11.393 -0.796 0.022 0.387 -0.922 -0.700 -0.714 -0.007 0.016 0.013 0.013 -0.881 0.500 -0.015 0.000
0.939 -11.219 -0.679 0.025 0.221 -0.975 -0.902 -0.432 -0.004 0.017 0.016 0.007 -0.881 0.500 -0.015 0.000
0.940 -11.044 -0.541 0.029 0.048 -0.999 -0.995 -0.096 -0.001 0.015 0.015 0.001 -0.881 0.500 -0.015 0.000
0.941 -10.868 -0.386 0.032 -0.127 -0.992 -0.968 0.252 0.002 0.012 0.012 -0.003 -0.881 0.500 -0.015 0.000
0.942 -10.692 -0.219 0.036 -0.299 -0.954 -0.822 0.570 0.002 0.008 0.006 -0.004 -0.881 0.500 -0.015 0.000
0.943 -10.516 -0.044 0.040 -0.461 -0.887 -0.574 0.819 0.001 0.002 0.001 -0.001 -0.881 0.500 -0.015 0.000
0.944 -10.339 0.132 0.045 -0.610 -0.792 -0.255 0.967 -0.004 -0.005 -0.002 0.006 -0.881 0.500 -0.015 0.000
0.945 -10.162 0.305 0.050 -0.740 -0.672 0.096 0.995 -0.011 -0.010 0.001 0.015 -0.881 0.500 -0.015 0.000
0.946 -9.985 0.468 0.056 -0.847 -0.531 0.436 0.900 -0.022 -0.014 0.011 0.024 -0.881 0.500 -0.015 0.000
0.947 -9.807 0.617 0.062 -0.928 -0.373 0.722 0.692 -0.036 -0.014 0.028 0.027 -0.881 0.500 -0.015 0.000
0.948 -9.628 0.747 0.069 -0.979 -0.202 0.918 0.396 -0.051 -0.010 0.047 0.020 -0.881 0.500 -0.015 0.000
0.949 -9.450 0.853 0.077 -1.000 -0.025 0.999 0.050 -0.065 -0.002 0.065 0.003 -0.881 0.500 -0.015 0.000
0.950 -9.271 0.933 0.085 -0.988 0.154 0.953 -0.304 -0.078 0.012 0.075 -0.024 -0.881 0.500 -0.015 0.000
0.951 -9.091 0.982 0.093 -0.945 0.328 0.785 -0.619 -0.087 0.030 0.072 -0.057 -0.881 0.500 -0.015 0.000
0.952 -8.911 1.000 0.103 -0.871 0.491 0.517 -0.856 -0.089 0.050 0.053 -0.088 -0.881 0.500 -0.015 0.000
0.953 -8.731 0.986 0.113 -0.769 0.639 0.182 -0.983 -0.086 0.071 0.020 -0.109 -0.881 0.500 -0.015 0.000
0.954 -8.551 0.939 0.124 -0.642 0.767 -0.177 -0.984 -0.075 0.089 -0.021 -0.114 -0.881 0.500 -0.015 0.000
0.955 -8.370 0.862 0.135 -0.493 0.870 -0.514 -0.858 -0.058 0.101 -0.060 -0.100 -0.881 0.500 -0.015 0.000
0.956 -8.189 0.757 0.148 -0.328 0.945 -0.784 -0.620 -0.037 0.106 -0.088 -0.069 -0.881 0.500 -0.015 0.000
0.957 -8.007 0.626 0.161 -0.152 0.988 -0.953 -0.301 -0.015 0.100 -0.096 -0.030 -0.881 0.500 -0.015 0.000
0.958 -7.825 0.475 0.175 0.029 1.000 -0.998 0.057 0.002 0.083 -0.083 0.005 -0.881 0.500 -0.015 0.000
0.959 -7.643 0.308 0.190 0.209 0.978 -0.912 0.409 0.012 0.057 -0.053 0.024 -0.881 0.500 -0.015 0.000
0.960 -7.461 0.130 0.206 0.383 0.924 -0.706 0.708 0.010 0.025 -0.019 0.019 -0.881 0.500 -0.015 0.000
0.961 -7.278 -0.052 0.223 0.545 0.839 -0.407 0.914 -0.006 -0.010 0.005 -0.011 -0.881 0.500 -0.015 0.000
0.962 -7.095 -0.233 0.240 0.688 0.726 -0.053 0.999 -0.039 -0.041 0.003 -0.056 -0.881 0.500 -0.015 0.000
0.963 -6.912 -0.407 0.259 0.809 0.588 0.309 0.951 -0.085 -0.062 -0.032 -0.100 -0.881 0.500 -0.015 0.000
0.964 -6.728 -0.567 0.278 0.903 0.430 0.630 0.777 -0.142 -0.068 -0.099 -0.122 -0.881 0.500 -0.015 0.000
0.965 -6.544 -0.708 0.298 0.966 0.258 0.867 0.499 -0.204 -0.054 -0.183 -0.105 -0.881 0.500 -0.015 0.000
0.966 -6.360 -0.825 0.319 0.997 0.077 0.988 0.153 -0.263 -0.020 -0.260 -0.040 -0.881 0.500 -0.015 0.000
0.967 -6.176 -0.915 0.341 0.994 -0.107 0.977 -0.213 -0.310 0.033 -0.305 0.066 -0.881 0.500 -0.015 0.000
0.968 -5.991 -0.973 0.364 0.958 -0.288 0.834 -0.551 -0.339 0.102 -0.295 0.195 -0.881 0.500 -0.015 0.000
0.969 -5.806 -0.999 0.387 0.889 -0.459 0.579 -0.815 -0.344 0.177 -0.224 0.315 -0.881 0.500 -0.015 0.000
0.970 -5.621 -0.990 0.411 0.789 -0.614 0.245 -0.970 -0.321 0.250 -0.100 0.395 -0.881 0.500 -0.015 0.000
0.971 -5.436 -0.948 0.436 0.662 -0.749 -0.123 -0.992 -0.274 0.310 0.051 0.410 -0.881 0.500 -0.015 0.000
0.972 -5.251 -0.873 0.461 0.513 -0.859 -0.474 -0.880 -0.206 0.346 0.191 0.354 -0.881 0.500 -0.015 0.000
0.973 -5.065 -0.768 0.487 0.345 -0.938 -0.761 -0.648 -0.129 0.351 0.285 0.242 -0.881 0.500 -0.015 0.000
0.974 -4.879 -0.637 0.513 0.166 -0.986 -0.945 -0.327 -0.054 0.322 0.309 0.107 -0.881 0.500 -0.015 0.000
0.975 -4.693 -0.483 0.539 -0.019 -1.000 -0.999 0.039 0.005 0.261 0.260 -0.010 -0.881 0.500 -0.015 0.000
0.976 -4.507 -0.313 0.566 -0.204 -0.979 -0.917 0.400 0.036 0.173 0.162 -0.071 -0.881 0.500 -0.015 0.000
0.977 -4.320 -0.131 0.593 -0.382 -0.924 -0.708 0.706 0.030 0.072 0.055 -0.055 -0.881 0.500 -0.015 0.000
0.978 -4.134 0.055 0.620 -0.547 -0.837 -0.402 0.916 -0.019 -0.029 -0.014 0.031 -0.881 0.500 -0.015 0.000
0.979 -3.947 0.240 0.647 -0.693 -0.721 -0.040 0.999 -0.107 -0.112 -0.006 0.155 -0.881 0.500 -0.015 0.000
0.980 -3.760 0.416 0.674 -0.815 -0.580 0.328 0.945 -0.228 -0.162 0.092 0.265 -0.881 0.500 -0.015 0.000
0.981 -3.573 0.578 0.700 -0.908 -0.418 0.650 0.760 -0.367 -0.169 0.263 0.307 -0.881 0.500 -0.015 0.000
0.982 -3.386 0.720 0.726 -0.970 -0.242 0.883 0.469 -0.507 -0.126 0.461 0.245 -0.881 0.500 -0.015 0.000
0.983 -3.198 0.836 0.752 -0.998 -0.057 0.994 0.113 -0.628 -0.036 0.625 0.071 -0.881 0.500 -0.015 0.000
0.984 -3.011 0.924 0.777 -0.991 0.130 0.966 -0.259 -0.711 0.094 0.693 -0.185 -0.881 0.500 -0.015 0.000
0.985 -2.823 0.979 0.801 -0.950 0.313 0.804 -0.595 -0.745 0.245 0.630 -0.466 -0.881 0.500 -0.015 0.000
0.986 -2.636 1.000 0.824 -0.875 0.485 0.530 -0.848 -0.721 0.399 0.437 -0.699 -0.881 0.500 -0.015 0.000
0.987 -2.448 0.986 0.846 -0.769 0.640 0.182 -0.983 -0.641 0.533 0.152 -0.820 -0.881 0.500 -0.015 0.000
0.988 -2.260 0.937 0.867 -0.636 0.772 -0.192 -0.981 -0.516 0.627 -0.156 -0.797 -0.881 0.500 -0.015 0.000
0.989 -2.072 0.855 0.887 -0.480 0.877 -0.539 -0.843 -0.364 0.665 -0.408 -0.639 -0.881 0.500 -0.015 0.000
0.990 -1.884 0.742 0.906 -0.308 0.951 -0.810 -0.586 -0.207 0.640 -0.545 -0.394 -0.881 0.500 -0.015 0.000
0.991 -1.696 0.604 0.923 -0.124 0.992 -0.969 -0.247 -0.069 0.553 -0.540 -0.138 -0.881 0.500 -0.015 0.000
0.992 -1.507 0.444 0.939 0.063 0.998 -0.992 0.127 0.026 0.416 -0.414 0.053 -0.881 0.500 -0.015 0.000
0.993 -1.319 0.269 0.953 0.249 0.968 -0.876 0.482 0.064 0.248 -0.224 0.123 -0.881 0.500 -0.015 0.000
0.994 -1.131 0.083 0.965 0.426 0.905 -0.637 0.771 0.034 0.073 -0.051 0.062 -0.881 0.500 -0.015 0.000
0.995 -0.942 -0.105 0.976 0.588 0.809 -0.309 0.951 -0.060 -0.083 0.032 -0.097 -0.881 0.500 -0.015 0.000
0.996 -0.754 -0.289 0.984 0.729 0.684 0.063 0.998 -0.207 -0.195 -0.018 -0.284 -0.881 0.500 -0.015 0.000
0.997 -0.565 -0.463 0.991 0.844 0.536 0.426 0.905 -0.388 -0.246 -0.196 -0.416 -0.881 0.500 -0.015 0.000
0.998 -0.377 -0.621 0.996 0.930 0.368 0.729 0.685 -0.575 -0.228 -0.451 -0.424 -0.881 0.500 -0.015 0.000
0.999 -0.188 -0.757 0.999 0.982 0.187 0.930 0.368 -0.743 -0.142 -0.703 -0.278 -0.881 0.500 -0.015 0.000
1.000 0.000 -0.866 1.000 1.000 -0.000 1.000 -0.000 -0.866 0.000 -0.866 0.000 -0.881 0.500 -0.015 0.000

